,dtype,n_values,n_nan_total,n_non_numeric_values,n_posinf,n_neginf
JNJ-16259685 (BRD:BRD-K25596805-001-01-8),float64,248,243,0,0,0
OXONIC-ACID (BRD:BRD-K31468676-237-01-8),float64,248,243,0,0,0
RIBOFLAVIN (BRD:BRD-K70246307-001-04-1),float64,248,243,0,0,0
AMPROLIUM (BRD:BRD-K90027121-003-01-7),float64,248,243,0,0,0
CINNARAZINE (BRD:BRD-K07220430-001-18-4),float64,248,242,0,0,0
GS-39783 (BRD:BRD-K75478907-001-02-3),float64,248,242,0,0,0
METHYLPHENIDATE (BRD:BRD-A19585813-003-03-3),float64,248,241,0,0,0
ESTRAMUSTINE-PHOSPHATE (BRD:BRD-K00077635-304-01-2),float64,248,241,0,0,0
OXCARBAZEPINE (BRD:BRD-K04196797-001-24-4),float64,248,241,0,0,0
LY364947 (BRD:BRD-K06234293-001-04-2),float64,248,241,0,0,0
GIDAZEPAM (BRD:BRD-K22588750-001-07-0),float64,248,241,0,0,0
PALMITOYLETHANOLAMIDE (BRD:BRD-K68095457-001-10-1),float64,248,241,0,0,0
CYTARABINE (BRD:BRD-K71847383-001-12-5),float64,248,241,0,0,0
HYDROCORTISONE (BRD:BRD-K93568044-001-32-0),float64,248,241,0,0,0
FELBAMATE (BRD:BRD-K99107520-001-24-1),float64,248,241,0,0,0
BENDROFLUMETHIAZIDE (BRD:BRD-A80017228-001-25-7),float64,248,240,0,0,0
FAVIPIRAVIR (BRD:BRD-K04264130-001-01-4),float64,248,240,0,0,0
BAY-K-8644-(S)-(-) (BRD:BRD-K14329163-001-03-9),float64,248,240,0,0,0
LIDOCAINE (BRD:BRD-K52662033-003-21-2),float64,248,240,0,0,0
GAMMA-AMINOBUTYRIC-ACID (BRD:BRD-K77245796-003-01-6),float64,248,240,0,0,0
TYRPHOSTIN-AG-494 (BRD:BRD-K34533029-001-08-5),float64,248,239,0,0,0
GIMERACIL (BRD:BRD-K35687421-001-02-5),float64,248,239,0,0,0
S26948 (BRD:BRD-K48826825-001-01-8),float64,248,239,0,0,0
BRIGATINIB (BRD:BRD-K56981171-001-01-0),float64,248,239,0,0,0
OSELTAMIVIR-PHOSPHATE (BRD:BRD-K76011241-001-01-8),float64,248,239,0,0,0
NALTREXONE (BRD:BRD-K88172511-003-20-3),float64,248,239,0,0,0
SEVELAMER (BRD:BRD-U45393375-000-01-6),float64,248,239,0,0,0
PROTIRELIN (BRD:BRD-A16997652-001-02-3),float64,248,238,0,0,0
TROLOX (BRD:BRD-A17846016-001-13-9),float64,248,238,0,0,0
ISOETHARINE (BRD:BRD-A24587114-066-22-5),float64,248,238,0,0,0
CLOFOCTOL (BRD:BRD-K02900412-001-11-3),float64,248,238,0,0,0
GW-501516 (BRD:BRD-K14880289-001-02-2),float64,248,238,0,0,0
PARACHLOROPHENOL (BRD:BRD-K40992116-001-09-7),float64,248,238,0,0,0
QUINETHAZONE (BRD:BRD-A59303141-001-10-4),float64,248,237,0,0,0
CEFDINIR (BRD:BRD-K15766189-001-09-8),float64,248,237,0,0,0
REMOXIPRIDE (BRD:BRD-K54094468-003-11-1),float64,248,237,0,0,0
BW-180C (BRD:BRD-K57927309-001-01-7),float64,248,237,0,0,0
CI-844 (BRD:BRD-K83022601-001-01-0),float64,248,237,0,0,0
COLISTIN-B-SULFATE (BRD:BRD-A36456202-001-01-3),float64,248,236,0,0,0
D-4476 (BRD:BRD-K09132007-001-07-5),float64,248,236,0,0,0
SUFENTANIL (BRD:BRD-K21547160-001-01-4),float64,248,236,0,0,0
NILUTAMIDE (BRD:BRD-K23566484-001-15-1),float64,248,236,0,0,0
ATENOLOL-(-) (BRD:BRD-K44993696-001-12-3),float64,248,236,0,0,0
METYRAPONE (BRD:BRD-K46862739-001-14-3),float64,248,236,0,0,0
RUCINOL (BRD:BRD-K61036791-001-01-6),float64,248,236,0,0,0
4-METHYLHISTAMINE (BRD:BRD-K70821460-300-02-4),float64,248,236,0,0,0
ESTRONE (BRD:BRD-K81839095-001-30-1),float64,248,236,0,0,0
FK-888 (BRD:BRD-K83508485-001-02-7),float64,248,236,0,0,0
IPRONIAZID (BRD:BRD-K88568253-011-19-9),float64,248,236,0,0,0
LEUCOVORIN (BRD:BRD-A75919782-399-02-6),float64,248,235,0,0,0
4-IODO-6-PHENYLPYRIMIDINE (BRD:BRD-K25690923-001-02-4),float64,248,235,0,0,0
ACETAZOLAMIDE (BRD:BRD-K43457670-001-27-8),float64,248,235,0,0,0
ENZALUTAMIDE (BRD:BRD-K56851771-001-06-8),float64,248,235,0,0,0
RIBAVIRIN (BRD:BRD-K60369935-001-18-3),float64,248,235,0,0,0
7-AMINOCEPHALOSPORANIC-ACID (BRD:BRD-K65377893-001-07-4),float64,248,235,0,0,0
CARBACHOL (BRD:BRD-K75037734-003-13-9),float64,248,235,0,0,0
ALMOREXANT (BRD:BRD-K84810405-003-01-1),float64,248,235,0,0,0
SOBETIROME (BRD:BRD-K85406984-001-01-0),float64,248,235,0,0,0
PHENELZINE (BRD:BRD-K87024524-065-17-7),float64,248,235,0,0,0
TILETAMINE (BRD:BRD-A30582499-003-05-1),float64,248,234,0,0,0
CIBENZOLINE (BRD:BRD-K34251960-036-01-6),float64,248,234,0,0,0
METRONIDAZOLE (BRD:BRD-K52020312-001-26-8),float64,248,234,0,0,0
SALIDROSIDE (BRD:BRD-K66030860-001-03-6),float64,248,234,0,0,0
GW-788388 (BRD:BRD-K78086729-001-02-7),float64,248,234,0,0,0
NEMONAPRIDE (BRD:BRD-M80207679-001-01-5),float64,248,234,0,0,0
ICI-162846 (BRD:BRD-K11071038-001-01-7),float64,248,233,0,0,0
DEMECARIUM (BRD:BRD-K51471001-303-04-7),float64,248,233,0,0,0
ANASTROZOLE (BRD:BRD-K52172416-001-11-4),float64,248,233,0,0,0
MK-3207 (BRD:BRD-K66911501-003-01-2),float64,248,233,0,0,0
EPROSARTAN (BRD:BRD-K67977190-066-02-3),float64,248,233,0,0,0
ARIPIPRAZOLE (BRD:BRD-K70358946-001-15-7),float64,248,233,0,0,0
LETROZOLE (BRD:BRD-K88789588-001-14-9),float64,248,233,0,0,0
TRANS-4-HYDROXYCROTONIC-ACID (BRD:BRD-K91614056-001-02-2),float64,248,233,0,0,0
DALCETRAPIB (BRD:BRD-K18849474-001-04-4),float64,248,232,0,0,0
LOXISTATIN-ACID (BRD:BRD-K21937671-001-09-2),float64,248,232,0,0,0
BUMETANIDE (BRD:BRD-K38197229-001-29-9),float64,248,232,0,0,0
NARLAPREVIR (BRD:BRD-K38287497-001-01-2),float64,248,232,0,0,0
TORCETRAPIB (BRD:BRD-K55675242-001-03-0),float64,248,232,0,0,0
LEVOCARNITINE (BRD:BRD-K59647213-001-10-5),float64,248,232,0,0,0
AB1010 (BRD:BRD-K71035033-001-07-1),float64,248,232,0,0,0
TAME (BRD:BRD-K72231366-001-02-3),float64,248,232,0,0,0
SE-METHYLSELENOCYSTEINE (BRD:BRD-K74227499-001-01-1),float64,248,232,0,0,0
PYRITINOL (BRD:BRD-K82181219-001-04-3),float64,248,232,0,0,0
SCLAREOL (BRD:BRD-A23127772-001-02-3),float64,248,231,0,0,0
HOMOSALATE (BRD:BRD-A34751532-001-06-9),float64,248,231,0,0,0
BEPHENIUM-HYDROXYNAPHTHOATE (BRD:BRD-K47878171-086-06-0),float64,248,231,0,0,0
ORANTINIB (BRD:BRD-K55966568-001-05-4),float64,248,231,0,0,0
CANDESARTAN (BRD:BRD-K84091759-001-07-1),float64,248,231,0,0,0
URIC-ACID (BRD:BRD-K01295354-001-02-8),float64,248,230,0,0,0
FLUFENAMIC-ACID (BRD:BRD-K44067360-001-30-3),float64,248,230,0,0,0
TERCONAZOLE (BRD:BRD-K86204871-001-16-2),float64,248,230,0,0,0
CANRENONE (BRD:BRD-A20644369-001-08-6),float64,248,229,0,0,0
FAMCICLOVIR (BRD:BRD-K45033733-001-12-2),float64,248,229,0,0,0
ACETYLCYSTEINE (BRD:BRD-K59058747-001-18-3),float64,248,229,0,0,0
NAN-190 (BRD:BRD-K69195780-004-08-4),float64,248,229,0,0,0
PREDNISOLONE-TEBUTATE (BRD:BRD-A53151380-001-01-2),float64,248,228,0,0,0
NISOXETINE (BRD:BRD-A95696066-003-13-8),float64,248,228,0,0,0
CS-110266 (BRD:BRD-K15519488-050-01-3),float64,248,228,0,0,0
CREATINE (BRD:BRD-K19615002-001-02-3),float64,248,228,0,0,0
DEXAMETHASONE-ACETATE (BRD:BRD-K47635719-001-21-1),float64,248,228,0,0,0
IFOSFAMIDE (BRD:BRD-A67097164-001-18-7),float64,248,227,0,0,0
7-NITROINDAZOLE (BRD:BRD-K04430056-236-02-1),float64,248,227,0,0,0
ADL5859 (BRD:BRD-K39624409-003-02-6),float64,248,227,0,0,0
CLOFIBRATE (BRD:BRD-K45252063-001-13-6),float64,248,227,0,0,0
PREDNISOLONE-ACETATE (BRD:BRD-A01643550-001-04-9),float64,248,226,0,0,0
LINALOOL (BRD:BRD-A43082461-001-06-3),float64,248,226,0,0,0
NOMEGESTROL-ACETATE (BRD:BRD-K27351809-001-09-5),float64,248,226,0,0,0
POZIOTINIB (BRD:BRD-K50010139-001-02-3),float64,248,226,0,0,0
BENZOCAINE (BRD:BRD-K75466013-001-14-4),float64,248,226,0,0,0
CHLORAMPHENICOL-PALMITATE (BRD:BRD-K96424892-001-02-9),float64,248,226,0,0,0
BICALUTAMIDE (BRD:BRD-A29485665-001-12-8),float64,248,225,0,0,0
BUTHIONINE-SULFOXIMINE (BRD:BRD-A47706533-001-02-6),float64,248,225,0,0,0
SR-27897 (BRD:BRD-K35629949-001-02-0),float64,248,225,0,0,0
CHICAGO-SKY-BLUE-6B (BRD:BRD-K56483981-342-06-4),float64,248,225,0,0,0
MEPIVACAINE (BRD:BRD-A03216249-003-24-3),float64,248,224,0,0,0
NORETHINDRONE-ACETATE (BRD:BRD-A09349126-001-10-7),float64,248,224,0,0,0
ISOMETHEPTENE-MUCATE (BRD:BRD-A64743628-001-01-5),float64,248,224,0,0,0
ESTRADIOL-BENZOATE (BRD:BRD-A74765037-001-01-1),float64,248,224,0,0,0
CAMYLOFINE-CHLORHYDRATE (BRD:BRD-A91733352-300-04-5),float64,248,224,0,0,0
ADAPALENE (BRD:BRD-K33127281-001-05-6),float64,248,224,0,0,0
NITHIAMIDE (BRD:BRD-K39467894-001-06-7),float64,248,224,0,0,0
GUANIDINE (BRD:BRD-K76037122-001-02-5),float64,248,224,0,0,0
PILOCARPINE (BRD:BRD-K85090592-008-22-7),float64,248,224,0,0,0
THIOPROPERAZINE (BRD:BRD-K08619574-334-05-4),float64,248,223,0,0,0
ENOXIMONE (BRD:BRD-K21152241-001-07-3),float64,248,223,0,0,0
SODIUM-GLUCOHEPTONATE (BRD:BRD-K35952844-236-01-6),float64,248,223,0,0,0
UH-232-(+) (BRD:BRD-K66715657-050-01-0),float64,248,223,0,0,0
NIZATIDINE (BRD:BRD-K73589491-001-11-2),float64,248,223,0,0,0
HALCINONIDE (BRD:BRD-A88138582-001-04-8),float64,248,222,0,0,0
FR-122047 (BRD:BRD-K30990140-003-02-4),float64,248,222,0,0,0
GW-3965 (BRD:BRD-K33818169-003-04-6),float64,248,222,0,0,0
IMIDAPRIL (BRD:BRD-K34332569-001-01-3),float64,248,222,0,0,0
EPIANDROSTERONE (BRD:BRD-K42756753-001-01-9),float64,248,222,0,0,0
DICHLORISONE-ACETATE (BRD:BRD-K54187111-001-09-2),float64,248,222,0,0,0
BLEBBISTATIN-(-) (BRD:BRD-K61295575-001-03-6),float64,248,222,0,0,0
ALTRETAMINE (BRD:BRD-K67043667-001-26-4),float64,248,222,0,0,0
5XE (BRD:BRD-K47557313-001-02-7),float64,248,221,0,0,0
AMMONIUM-LACTATE (BRD:BRD-M29182745-001-01-4),float64,248,221,0,0,0
PIROXICAM (BRD:BRD-A57382968-001-29-0),float64,248,219,0,0,0
COLFORSIN-DAPROATE (BRD:BRD-K19388745-003-01-7),float64,248,219,0,0,0
BMS-986020 (BRD:BRD-K23952234-236-01-8),float64,248,219,0,0,0
TG100-115 (BRD:BRD-K64785675-001-04-0),float64,248,219,0,0,0
INH1 (BRD:BRD-K70177501-003-01-4),float64,248,219,0,0,0
RO-10-5824 (BRD:BRD-K79684402-300-02-8),float64,248,219,0,0,0
SULMAZOLE (BRD:BRD-A22081593-001-11-1),float64,248,218,0,0,0
CAPSAICIN (BRD:BRD-K50590187-001-19-9),float64,248,218,0,0,0
CB-10-277 (BRD:BRD-K59929863-001-01-9),float64,248,218,0,0,0
PENTOSTATIN (BRD:BRD-K91543828-001-02-0),float64,248,218,0,0,0
METHOCARBAMOL (BRD:BRD-A31521121-001-26-4),float64,248,217,0,0,0
GSK2830371 (BRD:BRD-K17472821-001-01-2),float64,248,217,0,0,0
LY303511 (BRD:BRD-K22385716-001-02-5),float64,248,217,0,0,0
PSB-1115 (BRD:BRD-K49027941-001-01-1),float64,248,217,0,0,0
DIRITHROMYCIN (BRD:BRD-K52756523-001-24-7),float64,248,217,0,0,0
PD-98059 (BRD:BRD-K62810658-001-12-2),float64,248,217,0,0,0
CINROMIDE (BRD:BRD-K66241279-001-01-8),float64,248,217,0,0,0
REPAGLINIDE (BRD:BRD-K82846253-001-15-4),float64,248,217,0,0,0
ALOGLIPTIN (BRD:BRD-K83003151-057-02-4),float64,248,217,0,0,0
TEZACAFTOR (BRD:BRD-K97101532-001-02-8),float64,248,217,0,0,0
FORMESTANE (BRD:BRD-A26503646-001-16-6),float64,248,216,0,0,0
CLOBUTINOL (BRD:BRD-A43809092-003-02-1),float64,248,216,0,0,0
MEXENEONE (BRD:BRD-K18613660-001-05-5),float64,248,216,0,0,0
MAPROTILINE (BRD:BRD-K25433859-003-25-4),float64,248,216,0,0,0
AZOMYCIN-(2-NITROIMIDAZOLE) (BRD:BRD-K26824830-001-02-0),float64,248,216,0,0,0
BMS-707035 (BRD:BRD-K49555808-001-03-9),float64,248,216,0,0,0
TAURINE (BRD:BRD-K51474575-001-10-4),float64,248,216,0,0,0
ICI-46474 (BRD:BRD-K93754473-048-20-2),float64,248,216,0,0,0
FENACLON (BRD:BRD-K08791496-001-01-0),float64,248,215,0,0,0
CLEBOPRIDE (BRD:BRD-K17294426-050-12-3),float64,248,215,0,0,0
JOSAMYCIN (BRD:BRD-K25837718-001-03-8),float64,248,215,0,0,0
METHYLPREDNISOLONE (BRD:BRD-K35240538-001-26-2),float64,248,215,0,0,0
4-METHYLGENISTEIN (BRD:BRD-K73303757-001-21-6),float64,248,215,0,0,0
CAFFEIC-ACID-PHENETHYL-ESTER (BRD:BRD-K96188950-001-16-9),float64,248,215,0,0,0
ORNITHINE (BRD:BRD-A13561534-003-02-0),float64,248,214,0,0,0
ESTRADIOL (BRD:BRD-K18910433-001-36-6),float64,248,214,0,0,0
NITROCARAMIPHEN (BRD:BRD-K28453807-003-11-2),float64,248,214,0,0,0
FENOFIBRATE (BRD:BRD-K50388907-001-30-4),float64,248,214,0,0,0
RALOXIFENE (BRD:BRD-K63828191-003-32-1),float64,248,214,0,0,0
FULVESTRANT (BRD:BRD-A85667082-001-12-7),float64,248,213,0,0,0
RITODRINE (BRD:BRD-K14003026-003-09-0),float64,248,213,0,0,0
M-39831 (BRD:BRD-K32107296-001-16-9),float64,248,213,0,0,0
4-CHLOROPHENYLGUANIDINE (BRD:BRD-K39160765-003-02-9),float64,248,213,0,0,0
FLUOROMETHYLCHOLINE (BRD:BRD-K51199656-003-01-4),float64,248,213,0,0,0
AZODICARBONAMIDE (BRD:BRD-K87036601-001-01-6),float64,248,213,0,0,0
NICOTINE (BRD:BRD-A93695607-322-02-5),float64,248,212,0,0,0
MK-0812 (BRD:BRD-K14175878-001-01-6),float64,248,212,0,0,0
FORODESINE (BRD:BRD-K16505263-003-02-9),float64,248,212,0,0,0
ILOMASTAT (BRD:BRD-K51662849-001-08-8),float64,248,212,0,0,0
PF-3845 (BRD:BRD-K68997413-001-05-1),float64,248,212,0,0,0
DMH1 (BRD:BRD-K39381259-001-01-0),float64,248,211,0,0,0
NIZOFENONE (BRD:BRD-K84011460-051-01-7),float64,248,211,0,0,0
NICORANDIL (BRD:BRD-K97752965-001-16-4),float64,248,211,0,0,0
FILGOTINIB (BRD:BRD-K16803204-001-01-6),float64,248,210,0,0,0
LURASIDONE (BRD:BRD-K51143828-003-03-1),float64,248,210,0,0,0
IODODEXETIMIDE (BRD:BRD-A46813902-001-01-6),float64,248,209,0,0,0
DVD-111 (BRD:BRD-K22520627-001-01-7),float64,248,209,0,0,0
CEBRANOPADOL (BRD:BRD-K48141473-001-01-7),float64,248,209,0,0,0
4-HYDROXY-PHENAZONE (BRD:BRD-K49759007-001-11-9),float64,248,209,0,0,0
RS-67506 (BRD:BRD-K50018155-003-02-1),float64,248,209,0,0,0
NAPROXEN (BRD:BRD-K59197931-001-04-5),float64,248,209,0,0,0
KYNURENIC-ACID (BRD:BRD-K85872723-001-15-9),float64,248,209,0,0,0
AG-14361 (BRD:BRD-K00615600-001-12-9),float64,248,208,0,0,0
FAMOTIDINE (BRD:BRD-K00673382-001-18-9),float64,248,208,0,0,0
NAFCILLIN (BRD:BRD-K18574842-236-17-7),float64,248,208,0,0,0
FLUTAMIDE (BRD:BRD-K28307902-001-21-7),float64,248,208,0,0,0
CHIR-98014 (BRD:BRD-K42973005-001-04-0),float64,248,208,0,0,0
2'-MECCPA (BRD:BRD-K63932022-001-01-5),float64,248,208,0,0,0
DIMETHISOQUIN (BRD:BRD-K73391359-003-10-2),float64,248,208,0,0,0
RI-1 (BRD:BRD-K79555887-001-01-0),float64,248,208,0,0,0
DIAVERIDINE (BRD:BRD-K97464279-001-03-5),float64,248,208,0,0,0
CAFFEIC-ACID (BRD:BRD-K09900591-001-26-7),float64,248,207,0,0,0
THIOCOLCHICOSIDE (BRD:BRD-K26619122-001-02-1),float64,248,207,0,0,0
IOBENGUANE (BRD:BRD-K43860855-065-11-9),float64,248,207,0,0,0
DIPHEMANIL (BRD:BRD-K93441486-067-12-8),float64,248,207,0,0,0
CGP-37849 (BRD:BRD-A90272038-001-01-7),float64,248,206,0,0,0
DIHYDROARTEMISININ (BRD:BRD-K62213621-001-01-6),float64,248,206,0,0,0
8-BROMO-CGMP (BRD:BRD-A00077618-236-07-6),float64,248,205,0,0,0
NITISINONE (BRD:BRD-K01109406-001-03-7),float64,248,205,0,0,0
URIDINE (BRD:BRD-K13050303-001-17-3),float64,248,205,0,0,0
STEMREGENIN-1 (BRD:BRD-K36739687-001-03-0),float64,248,205,0,0,0
KIN001-201 (BRD:BRD-K52751261-001-06-1),float64,248,205,0,0,0
FLUOCINOLONE-ACETONIDE (BRD:BRD-K94353609-001-21-6),float64,248,205,0,0,0
PALOMID-529 (BRD:BRD-A50998626-001-02-1),float64,248,204,0,0,0
K-STROPHANTHIDIN (BRD:BRD-A55312468-001-04-7),float64,248,204,0,0,0
1035270-39-3 (BRD:BRD-K28392481-001-05-1),float64,248,204,0,0,0
DIAZOOXONORLEUCINE (BRD:BRD-K38458514-001-01-8),float64,248,204,0,0,0
TECASTEMIZOLE (BRD:BRD-K48195801-001-01-6),float64,248,204,0,0,0
AMOXICILLIN (BRD:BRD-K55044200-001-15-3),float64,248,204,0,0,0
FLEROXACIN (BRD:BRD-K61717546-001-05-0),float64,248,204,0,0,0
MESORIDAZINE (BRD:BRD-A14395271-074-17-8),float64,248,203,0,0,0
AMISULPRIDE (BRD:BRD-A60197193-001-14-6),float64,248,203,0,0,0
FENDILINE (BRD:BRD-A71033472-003-23-9),float64,248,203,0,0,0
CLOTRIMAZOLE (BRD:BRD-K15916496-001-27-9),float64,248,203,0,0,0
BINDARIT (BRD:BRD-K36467523-001-02-8),float64,248,203,0,0,0
TANDUTINIB (BRD:BRD-K89162000-001-06-4),float64,248,203,0,0,0
NORETHINDRONE (BRD:BRD-K92073408-001-15-7),float64,248,203,0,0,0
MTPG (BRD:BRD-A28329383-001-02-1),float64,248,202,0,0,0
TAGATOSE (BRD:BRD-A73556557-001-06-4),float64,248,202,0,0,0
SB-242235 (BRD:BRD-K19412355-001-01-0),float64,248,202,0,0,0
METHYLDOPA (BRD:BRD-K48578705-001-17-6),float64,248,202,0,0,0
SCH-58261 (BRD:BRD-K81225797-001-02-3),float64,248,202,0,0,0
NADIFLOXACIN (BRD:BRD-A24397426-001-10-4),float64,248,201,0,0,0
SELAMECTIN (BRD:BRD-A58564983-001-04-6),float64,248,201,0,0,0
RGFP966 (BRD:BRD-K61688984-001-02-9),float64,248,201,0,0,0
D-SERINE (BRD:BRD-K71822263-001-03-2),float64,248,201,0,0,0
ETOMOXIR (BRD:BRD-K32405725-001-02-8),float64,248,200,0,0,0
SECURININE (BRD:BRD-K49071277-001-04-7),float64,248,200,0,0,0
TYLOXAPOL (BRD:BRD-U25960968-000-01-9),float64,248,200,0,0,0
TRIAMCINOLONE-ACETONIDE (BRD:BRD-A92439610-001-05-7),float64,248,199,0,0,0
SC-12267 (BRD:BRD-K40797222-001-01-8),float64,248,199,0,0,0
DIHYDROERGOCRISTINE (BRD:BRD-K97440753-066-18-1),float64,248,199,0,0,0
ABIRATERONE-ACETATE (BRD:BRD-K24048528-001-02-5),float64,248,198,0,0,0
ISOFLUPREDONE-ACETATE (BRD:BRD-K29173907-001-09-2),float64,248,198,0,0,0
EXEMESTANE (BRD:BRD-K33425534-001-12-5),float64,248,198,0,0,0
CARMUSTINE (BRD:BRD-K36234266-001-09-8),float64,248,198,0,0,0
ACESULFAME-POTASSIUM (BRD:BRD-K50850824-237-04-8),float64,248,198,0,0,0
SIB-1757 (BRD:BRD-K98157055-001-10-9),float64,248,198,0,0,0
LAFUTIDINE (BRD:BRD-A67516570-001-02-8),float64,248,196,0,0,0
ADAROTENE (BRD:BRD-K00152668-001-01-5),float64,248,196,0,0,0
AVANAFIL (BRD:BRD-K65781196-001-03-0),float64,248,196,0,0,0
RAMIFENAZONE (BRD:BRD-K85333151-003-13-4),float64,248,196,0,0,0
S-METHYLCYSTEINE (BRD:BRD-K63123526-001-01-2),float64,248,195,0,0,0
USNIACIN-(+) (BRD:BRD-A12417644-001-07-6),float64,248,194,0,0,0
AT7867 (BRD:BRD-K12040459-001-06-0),float64,248,194,0,0,0
PF-04217903 (BRD:BRD-K73319509-001-08-0),float64,248,194,0,0,0
CHROMIUM-PICOLINATE (BRD:BRD-K01029106-001-01-4),float64,248,193,0,0,0
FORSKOLIN (BRD:BRD-K09602097-001-13-6),float64,248,193,0,0,0
RO-90-7501 (BRD:BRD-K58299615-001-03-5),float64,248,193,0,0,0
FENRETINIDE (BRD:BRD-K89085489-001-23-2),float64,248,193,0,0,0
I-BET151 (BRD:BRD-K36363294-001-04-2),float64,248,192,0,0,0
FPH1-(BRD-6125) (BRD:BRD-K61250484-001-02-3),float64,248,192,0,0,0
ULIPRISTAL (BRD:BRD-K64381438-001-03-8),float64,248,191,0,0,0
OXYMETAZOLINE (BRD:BRD-K16195444-003-26-0),float64,248,190,0,0,0
HOMOQUINOLINIC-ACID (BRD:BRD-K30519779-001-03-1),float64,248,190,0,0,0
NEFIRACETAM (BRD:BRD-K65678996-001-05-5),float64,248,190,0,0,0
NVP-BVU972 (BRD:BRD-K77943374-001-02-8),float64,248,190,0,0,0
SKEPINONE-L (BRD:BRD-K83607951-001-02-2),float64,248,190,0,0,0
GESTRINONE (BRD:BRD-K97472745-001-01-8),float64,248,190,0,0,0
FG-4592 (BRD:BRD-K14385366-001-04-4),float64,248,189,0,0,0
NORGESTREL (BRD:BRD-A14886633-001-01-6),float64,248,188,0,0,0
ZLN005 (BRD:BRD-K73073971-001-01-7),float64,248,188,0,0,0
RACECADOTRIL (BRD:BRD-A08187463-001-12-9),float64,248,187,0,0,0
YO-01027 (BRD:BRD-K04622161-001-02-3),float64,248,187,0,0,0
A-803467 (BRD:BRD-K28570407-001-02-0),float64,248,187,0,0,0
PIRETANIDE (BRD:BRD-K87990216-001-10-2),float64,248,187,0,0,0
AMG-208 (BRD:BRD-K32285926-001-02-1),float64,248,186,0,0,0
PRANIDIPINE (BRD:BRD-A68083442-001-01-6),float64,248,185,0,0,0
MEPHENYTOIN (BRD:BRD-A83937277-001-10-5),float64,248,185,0,0,0
CHLORINDANOL (BRD:BRD-K01653460-001-01-1),float64,248,185,0,0,0
BMS-599626 (BRD:BRD-K07106112-003-03-8),float64,248,185,0,0,0
ETHINYL-ESTRADIOL (BRD:BRD-K48195008-001-19-9),float64,248,185,0,0,0
PALMATINE-CHLORIDE (BRD:BRD-K58466253-003-14-0),float64,248,185,0,0,0
ERYTHRITOL (BRD:BRD-K79315489-001-07-8),float64,248,185,0,0,0
IPSAPIRONE (BRD:BRD-K90574421-001-03-5),float64,248,185,0,0,0
RO-04-5595 (BRD:BRD-A63546914-003-02-0),float64,248,184,0,0,0
BETA-NAPHTHOL (BRD:BRD-K21164796-001-02-8),float64,248,184,0,0,0
OBIDOXIME (BRD:BRD-K33588785-001-01-9),float64,248,184,0,0,0
FLUMATINIB (BRD:BRD-K68870568-066-01-5),float64,248,184,0,0,0
ISOXSUPRINE (BRD:BRD-A16700644-003-04-4),float64,248,183,0,0,0
"HYDROXYTACRINE-MALEATE-(R,S) (BRD:BRD-A98299281-050-09-6)",float64,248,183,0,0,0
RG2833 (BRD:BRD-K02389548-001-02-5),float64,248,183,0,0,0
AFOBAZOLE (BRD:BRD-K37793595-003-01-7),float64,248,183,0,0,0
TACALCITOL (BRD:BRD-K73237276-001-01-0),float64,248,183,0,0,0
CHLOROPYRAMINE (BRD:BRD-K83257731-003-23-5),float64,248,183,0,0,0
RIOCIGUAT (BRD:BRD-K84783599-001-01-0),float64,248,183,0,0,0
TIRAPAZAMINE (BRD:BRD-K92968657-001-01-6),float64,248,183,0,0,0
EPTIFIBATIDE (BRD:BRD-A90547603-001-02-5),float64,248,182,0,0,0
CL-218872 (BRD:BRD-K00662280-001-09-4),float64,248,182,0,0,0
COLFOSCERIL-PALMITATE (BRD:BRD-A95886749-001-03-5),float64,248,181,0,0,0
PHENAZONE (BRD:BRD-K46937689-001-15-0),float64,248,181,0,0,0
FLUROXENE (BRD:BRD-K56908511-001-01-2),float64,248,181,0,0,0
EMD-53998 (BRD:BRD-A65248799-001-01-7),float64,248,180,0,0,0
ASTEMIZOLE (BRD:BRD-K37249724-001-25-7),float64,248,180,0,0,0
JZL-184 (BRD:BRD-K45446451-001-05-0),float64,248,180,0,0,0
GDC-0879 (BRD:BRD-K67578145-001-09-7),float64,248,180,0,0,0
BAICALEIN (BRD:BRD-K72327355-001-14-7),float64,248,180,0,0,0
BI-D1870 (BRD:BRD-A81370665-001-03-6),float64,248,179,0,0,0
OLEANOLIC-ACID (BRD:BRD-K90647725-001-07-3),float64,248,179,0,0,0
TETRAHYDROURIDINE (BRD:BRD-A86248581-001-01-4),float64,248,178,0,0,0
AMBAZONE (BRD:BRD-K11244467-001-08-5),float64,248,178,0,0,0
RIMEXOLONE (BRD:BRD-K31627533-001-09-5),float64,248,178,0,0,0
CEFPIRAMIDE (BRD:BRD-K92872987-001-02-9),float64,248,178,0,0,0
LORLATINIB (BRD:BRD-K99879819-001-02-1),float64,248,178,0,0,0
SULFASALAZINE (BRD:BRD-K10670311-001-15-5),float64,248,177,0,0,0
SALVIANOLIC-ACID-B (BRD:BRD-K18898553-001-01-1),float64,248,177,0,0,0
CYPROHEPTADINE (BRD:BRD-K28143534-001-02-2),float64,248,177,0,0,0
NIACIN (BRD:BRD-K60237333-001-27-1),float64,248,177,0,0,0
LOVASTATIN (BRD:BRD-K09416995-001-39-9),float64,248,176,0,0,0
CLOCORTOLONE-PIVALATE (BRD:BRD-K38003476-001-09-1),float64,248,176,0,0,0
PIPERINE (BRD:BRD-K59522102-001-14-6),float64,248,176,0,0,0
URACIL (BRD:BRD-K80129304-001-08-1),float64,248,176,0,0,0
FTORAFUR (BRD:BRD-K99383816-001-03-5),float64,248,176,0,0,0
LATANOPROST (BRD:BRD-K10961822-001-05-1),float64,248,175,0,0,0
CICLOSPORIN (BRD:BRD-K13533483-001-16-2),float64,248,175,0,0,0
LADUVIGLUSIB (BRD:BRD-K16189898-003-03-3),float64,248,175,0,0,0
GW-441756 (BRD:BRD-K41312087-001-02-7),float64,248,175,0,0,0
TROPISETRON (BRD:BRD-K50866992-003-10-3),float64,248,175,0,0,0
OLEOYLETHANOLAMIDE (BRD:BRD-K66956375-001-11-3),float64,248,175,0,0,0
OLDA (BRD:BRD-K95523387-001-09-6),float64,248,175,0,0,0
PQ-401 (BRD:BRD-K67537649-001-04-5),float64,248,174,0,0,0
REBEMADLIN (BRD:BRD-A12230535-001-06-7),float64,248,173,0,0,0
DANAZOL (BRD:BRD-A92537424-001-04-7),float64,248,173,0,0,0
LIDAMIDINE (BRD:BRD-K68693535-001-03-4),float64,248,173,0,0,0
ROQUINIMEX (BRD:BRD-K03384561-001-02-7),float64,248,172,0,0,0
4-PYRIMIDINECARBONITRILE (BRD:BRD-K04552268-001-02-4),float64,248,172,0,0,0
CINALUKAST (BRD:BRD-K53720352-001-03-2),float64,248,172,0,0,0
IOWH032 (BRD:BRD-K84892605-001-01-1),float64,248,172,0,0,0
LOMITAPIDE (BRD:BRD-K92213669-001-01-3),float64,248,172,0,0,0
LORAZEPAM (BRD:BRD-A11990600-001-03-4),float64,248,171,0,0,0
MELENGESTROL-ACETATE (BRD:BRD-A42746051-001-02-9),float64,248,171,0,0,0
MINOCYCLINE (BRD:BRD-A69651145-003-07-2),float64,248,171,0,0,0
DORZOLAMIDE (BRD:BRD-K71075609-003-01-0),float64,248,171,0,0,0
ENTOSPLETINIB (BRD:BRD-K76719364-001-02-5),float64,248,171,0,0,0
PF-04136309 (BRD:BRD-K94420399-001-01-9),float64,248,171,0,0,0
DU-728 (BRD:BRD-K08859203-001-01-9),float64,248,170,0,0,0
CLINDAMYCIN-PHOSPHATE (BRD:BRD-K27771035-001-02-5),float64,248,170,0,0,0
ACETYLSALICYLSALICYLIC-ACID (BRD:BRD-K46585355-001-14-3),float64,248,170,0,0,0
TIAGABINE (BRD:BRD-K60160658-003-11-2),float64,248,170,0,0,0
PINDOLOL (BRD:BRD-A97701745-001-16-0),float64,248,168,0,0,0
HYPERICIN (BRD:BRD-K29673530-001-05-4),float64,248,168,0,0,0
IMATINIB (BRD:BRD-K92723993-001-17-4),float64,248,168,0,0,0
BETAMETHASONE (BRD:BRD-A02180903-001-04-5),float64,248,167,0,0,0
NADIDE (BRD:BRD-A11132253-001-08-2),float64,248,167,0,0,0
GW-405833 (BRD:BRD-K10705233-001-02-2),float64,248,167,0,0,0
HYODEOXYCHOLIC-ACID (BRD:BRD-K44009692-001-02-3),float64,248,167,0,0,0
4E1RCAT (BRD:BRD-K67173685-001-06-9),float64,248,167,0,0,0
CICLOSPORIN (BRD:BRD-A69815203-001-07-6),float64,248,166,0,0,0
RESATORVID (BRD:BRD-K61567297-001-01-9),float64,248,166,0,0,0
SMI-4A (BRD:BRD-K70159787-001-01-1),float64,248,166,0,0,0
TERBUTALINE (BRD:BRD-A50157456-065-20-6),float64,248,165,0,0,0
LANOCONAZOLE (BRD:BRD-A54275602-001-01-0),float64,248,165,0,0,0
EPRINOMECTIN (BRD:BRD-A91366704-001-01-9),float64,248,165,0,0,0
TILUDRONATE (BRD:BRD-K10845183-304-01-6),float64,248,165,0,0,0
COSTUNOLIDE (BRD:BRD-K26833429-001-02-8),float64,248,165,0,0,0
NINTEDANIB (BRD:BRD-K49075727-001-08-5),float64,248,165,0,0,0
SCS (BRD:BRD-K78496197-001-03-9),float64,248,165,0,0,0
IMILOXAN (BRD:BRD-A10903566-003-07-7),float64,248,164,0,0,0
CLOBETASOL-PROPIONATE (BRD:BRD-K10799896-001-26-2),float64,248,163,0,0,0
RU-58841 (BRD:BRD-K62762455-001-01-3),float64,248,163,0,0,0
BEKANAMYCIN (BRD:BRD-K73425385-065-04-8),float64,248,163,0,0,0
TC1 (BRD:BRD-A13964793-001-02-6),float64,248,162,0,0,0
MRS-1220 (BRD:BRD-K37618799-001-03-0),float64,248,162,0,0,0
NEXTURASTAT-A (BRD:BRD-K70402238-001-02-8),float64,248,162,0,0,0
TREQUINSIN (BRD:BRD-K84663978-003-02-9),float64,248,162,0,0,0
CHROMOCARB (BRD:BRD-K94720315-001-10-4),float64,248,162,0,0,0
CROMAKALIM (BRD:BRD-M89827113-001-01-5),float64,248,162,0,0,0
BTS-54505 (BRD:BRD-A68304895-003-02-2),float64,248,161,0,0,0
AM-404 (BRD:BRD-K55462201-001-07-3),float64,248,161,0,0,0
PREDNISOLONE (BRD:BRD-A27887842-001-04-0),float64,248,160,0,0,0
UBENIMEX (BRD:BRD-K59574735-001-11-8),float64,248,160,0,0,0
TETRAHYDROPAPAVERINE (BRD:BRD-A91831168-003-02-5),float64,248,159,0,0,0
THIOGUANINE (BRD:BRD-K49350383-001-14-5),float64,248,159,0,0,0
WARFARIN (BRD:BRD-A24514565-001-09-7),float64,248,158,0,0,0
ENCORAFENIB (BRD:BRD-A56085258-001-01-8),float64,248,158,0,0,0
DICYCLOVERINE (BRD:BRD-K68507560-003-24-6),float64,248,158,0,0,0
Y-320 (BRD:BRD-K96259238-001-01-4),float64,248,158,0,0,0
PIPERAZINE (BRD:BRD-K13249881-001-02-3),float64,248,157,0,0,0
STREPTOZOTOCIN (BRD:BRD-K34411947-001-12-5),float64,248,157,0,0,0
FEXINIDAZOLE (BRD:BRD-K37069697-001-01-3),float64,248,157,0,0,0
VU0361737 (BRD:BRD-K45462423-001-03-7),float64,248,157,0,0,0
3'-FLUOROBENZYLSPIPERONE (BRD:BRD-K45662124-050-01-5),float64,248,157,0,0,0
ICOTINIB (BRD:BRD-K31698212-001-02-9),float64,248,156,0,0,0
CUDC 101 (BRD:BRD-K41278234-001-03-0),float64,248,156,0,0,0
4-(4-FLUOROBENZOYL)-1-(4-PHENYLBUTYL)-PIPERIDINE (BRD:BRD-K47337578-034-02-5),float64,248,156,0,0,0
TRIAMTERENE (BRD:BRD-K92049597-001-20-8),float64,248,156,0,0,0
CLOPAMIDE (BRD:BRD-A85651701-001-19-7),float64,248,155,0,0,0
LEVONORGESTREL (BRD:BRD-K35189033-001-26-1),float64,248,155,0,0,0
MERICITABINE (BRD:BRD-K69726595-001-01-2),float64,248,155,0,0,0
CIDOFOVIR (BRD:BRD-K96153583-001-05-1),float64,248,155,0,0,0
ABT 869 (BRD:BRD-K99749624-001-07-0),float64,248,155,0,0,0
NSC-23766 (BRD:BRD-A80213327-305-08-3),float64,248,154,0,0,0
GSK256066 (BRD:BRD-K37590257-001-02-8),float64,248,154,0,0,0
SB-743921 (BRD:BRD-K68532323-003-02-8),float64,248,154,0,0,0
RANITIDINE (BRD:BRD-K70505054-003-12-4),float64,248,154,0,0,0
TRIAMCINOLONE (BRD:BRD-K77554836-001-11-6),float64,248,154,0,0,0
CGM097 (BRD:BRD-K79584249-001-01-3),float64,248,154,0,0,0
MAXACALCITOL (BRD:BRD-K81332461-001-01-4),float64,248,154,0,0,0
P 22077 (BRD:BRD-K97714174-001-01-3),float64,248,154,0,0,0
MELOXICAM (BRD:BRD-A84174393-236-07-1),float64,248,153,0,0,0
VX 702 (BRD:BRD-K07736136-001-04-6),float64,248,153,0,0,0
CCMI (BRD:BRD-K16338837-001-02-6),float64,248,153,0,0,0
PENICILLAMINE-(D) (BRD:BRD-K17518951-001-03-0),float64,248,153,0,0,0
ARTESUNATE (BRD:BRD-K54634444-001-05-9),float64,248,153,0,0,0
TEMOCAPRIL (BRD:BRD-K10784860-003-02-3),float64,248,152,0,0,0
BIFEMELANE (BRD:BRD-K18779551-003-07-8),float64,248,152,0,0,0
BENZYDAMINE (BRD:BRD-K28542495-003-13-5),float64,248,152,0,0,0
ENOCITABINE (BRD:BRD-K32007074-001-02-9),float64,248,152,0,0,0
LATREPIRDINE (BRD:BRD-K55703048-001-07-7),float64,248,152,0,0,0
CYCLOPHOSPHAMIDE (BRD:BRD-A09722536-002-18-0),float64,248,151,0,0,0
FLUMETHASONE-PIVALATE (BRD:BRD-A50064262-001-04-7),float64,248,151,0,0,0
ZOLANTIDINE (BRD:BRD-K08996725-332-01-7),float64,248,151,0,0,0
SR-57227A (BRD:BRD-K09397065-003-06-1),float64,248,151,0,0,0
SB-228357 (BRD:BRD-K15424032-001-03-6),float64,248,151,0,0,0
MK-0773 (BRD:BRD-K38868394-001-01-3),float64,248,151,0,0,0
MONOBENZONE (BRD:BRD-K54262262-001-09-0),float64,248,151,0,0,0
PIPERACETAZINE (BRD:BRD-K16277217-001-10-9),float64,248,150,0,0,0
EQUOL (BRD:BRD-K54847683-001-04-0),float64,248,150,0,0,0
CLOFAZIMINE (BRD:BRD-K56614220-001-19-0),float64,248,149,0,0,0
PARICALCITOL (BRD:BRD-K60585088-001-01-5),float64,248,149,0,0,0
AZTREONAM (BRD:BRD-K62607865-001-09-7),float64,248,149,0,0,0
SB-590885 (BRD:BRD-K78809024-001-05-7),float64,248,149,0,0,0
DOXERCALCIFEROL (BRD:BRD-K82928892-001-02-5),float64,248,149,0,0,0
DOMPERIDONE (BRD:BRD-K38305202-001-17-4),float64,248,148,0,0,0
FINAFLOXACIN (BRD:BRD-K98384930-003-01-5),float64,248,148,0,0,0
HALOFANTRINE (BRD:BRD-A51964809-003-12-6),float64,248,147,0,0,0
3-AMINO-BENZAMIDE (BRD:BRD-K08703257-001-13-9),float64,248,147,0,0,0
RIBITOL (BRD:BRD-K49313711-001-05-4),float64,248,147,0,0,0
Y-39983 (BRD:BRD-K56751279-300-01-4),float64,248,147,0,0,0
ISTRADEFYLLINE (BRD:BRD-K87774949-001-03-9),float64,248,147,0,0,0
RABEPRAZOLE (BRD:BRD-A39390670-236-10-7),float64,248,146,0,0,0
BUCLADESINE (BRD:BRD-A94624445-236-17-0),float64,248,146,0,0,0
PJ-34 (BRD:BRD-K11853856-001-01-7),float64,248,146,0,0,0
CGP-54626 (BRD:BRD-A74208568-003-01-5),float64,248,145,0,0,0
SALVINORIN-A (BRD:BRD-K19284129-001-02-6),float64,248,145,0,0,0
GILTERITINIB (BRD:BRD-K72280606-001-01-2),float64,248,145,0,0,0
BUPHENINE (BRD:BRD-A36267905-003-18-4),float64,248,144,0,0,0
PROPOXYCAINE (BRD:BRD-K18250272-003-11-0),float64,248,144,0,0,0
ATORVASTATIN (BRD:BRD-K69726342-238-02-4),float64,248,144,0,0,0
CARBOPLATIN (BRD:BRD-K90947825-001-02-7),float64,248,144,0,0,0
YM-976 (BRD:BRD-K12932420-001-02-3),float64,248,143,0,0,0
PIBENZIMOL (BRD:BRD-K17026858-001-01-2),float64,248,143,0,0,0
BREQUINAR (BRD:BRD-K96123349-236-02-8),float64,248,143,0,0,0
PHLORIZIN (BRD:BRD-K24601397-001-01-1),float64,248,142,0,0,0
TEMOPORFIN (BRD:BRD-K63712959-001-01-8),float64,248,142,0,0,0
RAMATROBAN (BRD:BRD-K08586861-001-01-1),float64,248,141,0,0,0
GTP-14564 (BRD:BRD-K16664969-001-03-3),float64,248,141,0,0,0
GGTI-298 (BRD:BRD-K19669037-001-01-1),float64,248,141,0,0,0
CIMETIDINE (BRD:BRD-K34157611-001-16-0),float64,248,141,0,0,0
TU-2100 (BRD:BRD-K44590731-001-01-7),float64,248,141,0,0,0
TELATINIB (BRD:BRD-K84564571-001-02-4),float64,248,141,0,0,0
TALTIRELIN (BRD:BRD-K93869735-001-01-1),float64,248,141,0,0,0
TELOTRISTAT-ETHYL (BRD:BRD-K94559059-091-01-6),float64,248,141,0,0,0
DEFERASIROX (BRD:BRD-K97010173-001-04-1),float64,248,141,0,0,0
NU-6027 (BRD:BRD-K03294269-001-08-0),float64,248,140,0,0,0
CX-4945 (BRD:BRD-K81458380-001-04-9),float64,248,140,0,0,0
MERCAPTOPURINE (BRD:BRD-K91601245-001-12-0),float64,248,140,0,0,0
PROPRANOLOL (BRD:BRD-A10070317-003-28-3),float64,248,139,0,0,0
CARBOXYPYRIDINE-DISULFIDE (BRD:BRD-K26530649-001-01-6),float64,248,139,0,0,0
TORASEMIDE (BRD:BRD-K30480208-001-18-5),float64,248,139,0,0,0
CICLESONIDE (BRD:BRD-K35245662-001-01-2),float64,248,139,0,0,0
LACITOL (BRD:BRD-K40787673-001-02-1),float64,248,139,0,0,0
XBD173 (BRD:BRD-K45875383-001-01-2),float64,248,139,0,0,0
VE 821 (BRD:BRD-K26756394-001-02-2),float64,248,138,0,0,0
SEMAXANIB (BRD:BRD-K63504947-001-14-7),float64,248,138,0,0,0
CLENBUTEROL (BRD:BRD-A75726477-003-21-3),float64,248,137,0,0,0
DABRAFENIB (BRD:BRD-K09951645-001-11-8),float64,248,137,0,0,0
RILUZOLE (BRD:BRD-K21283037-001-21-5),float64,248,137,0,0,0
PRAZOSIN (BRD:BRD-K49111258-003-29-7),float64,248,137,0,0,0
WZ-4002 (BRD:BRD-K72420232-001-12-3),float64,248,137,0,0,0
CCT128930 (BRD:BRD-K76406695-001-02-9),float64,248,137,0,0,0
GSK429286A (BRD:BRD-A10523515-001-07-9),float64,248,136,0,0,0
CHLORAMBUCIL (BRD:BRD-K29458283-001-29-9),float64,248,136,0,0,0
ATENOLOL-(+/-) (BRD:BRD-A20239487-001-24-9),float64,248,135,0,0,0
POSACONAZOLE (BRD:BRD-K06222852-001-03-2),float64,248,135,0,0,0
EVEROLIMUS (BRD:BRD-K13514097-001-04-6),float64,248,135,0,0,0
INDIRUBIN (BRD:BRD-K17894950-001-14-3),float64,248,135,0,0,0
BROMOSPORINE (BRD:BRD-K44665581-001-01-8),float64,248,135,0,0,0
AC 220 (BRD:BRD-K93918653-001-08-9),float64,248,135,0,0,0
SB-657510 (BRD:BRD-K95292280-001-01-3),float64,248,135,0,0,0
KETOCONAZOLE (BRD:BRD-A38350138-001-04-9),float64,248,134,0,0,0
AMG458 (BRD:BRD-K21782625-001-02-4),float64,248,134,0,0,0
IDASANUTLIN (BRD:BRD-K62627508-001-01-5),float64,248,134,0,0,0
AZD1480 (BRD:BRD-K65928735-001-04-3),float64,248,134,0,0,0
ERLOTINIB (BRD:BRD-K70401845-001-15-7),float64,248,134,0,0,0
AZ-628 (BRD:BRD-K05804044-001-18-5),float64,248,133,0,0,0
ALECTINIB (BRD:BRD-K11267252-001-05-1),float64,248,132,0,0,0
LERISETRON (BRD:BRD-K62398570-300-01-2),float64,248,132,0,0,0
DESOXYCORTONE (BRD:BRD-K98521173-001-19-4),float64,248,132,0,0,0
MIBEFRADIL (BRD:BRD-K09549677-300-03-4),float64,248,131,0,0,0
BENDAMUSTINE (BRD:BRD-K17068645-003-04-2),float64,248,131,0,0,0
BF2.649 (BRD:BRD-K21673112-003-01-3),float64,248,131,0,0,0
AEE788 (BRD:BRD-K40718343-001-02-6),float64,248,131,0,0,0
SB-525334 (BRD:BRD-K37720887-001-07-8),float64,248,130,0,0,0
BAM7 (BRD:BRD-K07442505-001-03-6),float64,248,129,0,0,0
ZOLMITRIPTAN (BRD:BRD-K54314721-001-10-2),float64,248,129,0,0,0
AS-1949490 (BRD:BRD-K61936403-001-01-7),float64,248,129,0,0,0
ARCYRIAFLAVIN-A (BRD:BRD-K72726508-001-02-1),float64,248,129,0,0,0
AP1903 (BRD:BRD-K28383148-001-01-4),float64,248,128,0,0,0
TIOXOLONE (BRD:BRD-K41876534-001-13-7),float64,248,128,0,0,0
POZIOTINIB (BRD:BRD-K50010139-001-01-5),float64,248,128,0,0,0
ERTEBEREL (BRD:BRD-K80608265-001-01-6),float64,248,128,0,0,0
GTPL5238 (BRD:BRD-K92991072-001-04-9),float64,248,128,0,0,0
AZD8931 (BRD:BRD-K98572433-001-02-9),float64,248,128,0,0,0
METHSCOPOLAMINE (BRD:BRD-A03932035-004-04-3),float64,248,127,0,0,0
AMINOGLUTETHIMIDE (BRD:BRD-A25234499-001-19-1),float64,248,127,0,0,0
NOBILETIN (BRD:BRD-K06753942-001-14-5),float64,248,127,0,0,0
CRA-032765 (BRD:BRD-K70301465-001-05-9),float64,248,127,0,0,0
EPROBEMIDE (BRD:BRD-K17979676-001-01-2),float64,248,126,0,0,0
AZATHIOPRINE (BRD:BRD-K32821942-001-21-3),float64,248,126,0,0,0
ABT-737 (BRD:BRD-K56301217-001-07-4),float64,248,126,0,0,0
NIMORAZOLE (BRD:BRD-K79145628-001-05-5),float64,248,126,0,0,0
PSI-7976 (BRD:BRD-K05674516-001-01-7),float64,248,125,0,0,0
MECHLORETHAMINE (BRD:BRD-K12829205-003-02-8),float64,248,125,0,0,0
TALMAPIMOD (BRD:BRD-K17555800-003-02-3),float64,248,125,0,0,0
LOMEFLOXACIN (BRD:BRD-A75850590-213-01-0),float64,248,124,0,0,0
OROTIC-ACID (BRD:BRD-K32572029-001-04-4),float64,248,124,0,0,0
KENPAULLONE (BRD:BRD-K37312348-001-15-0),float64,248,124,0,0,0
CAPMATINIB (BRD:BRD-K81016934-001-02-0),float64,248,124,0,0,0
DESONIDE (BRD:BRD-K21528677-001-02-8),float64,248,123,0,0,0
GW-842166 (BRD:BRD-K26823213-001-02-9),float64,248,123,0,0,0
MOCETINOSTAT (BRD:BRD-K16485616-001-08-9),float64,248,122,0,0,0
RACLOPRIDE (BRD:BRD-K04111260-001-10-0),float64,248,121,0,0,0
BIS(MALTOLATO)OXOVANADIUM(IV) (BRD:BRD-K16180792-001-01-7),float64,248,121,0,0,0
SONIDEGIB (BRD:BRD-K19796430-001-05-6),float64,248,121,0,0,0
12-O-TETRADECANOYLPHORBOL-13-ACETATE (BRD:BRD-K68552125-001-05-3),float64,248,121,0,0,0
VIDARABINE (BRD:BRD-K72093121-001-16-3),float64,248,121,0,0,0
PF-4981517 (BRD:BRD-K78318619-001-02-7),float64,248,121,0,0,0
DICHLOROACETATE (BRD:BRD-M97302542-001-04-4),float64,248,121,0,0,0
KIFUNENSINE (BRD:BRD-K02898090-001-02-7),float64,248,120,0,0,0
ACDPP (BRD:BRD-K68633617-003-02-9),float64,248,120,0,0,0
BOSENTAN (BRD:BRD-K74763371-002-04-0),float64,248,120,0,0,0
ASPIRIN (BRD:BRD-K11433652-001-17-0),float64,248,119,0,0,0
SID-7969543 (BRD:BRD-A43885598-001-08-1),float64,248,118,0,0,0
IMIQUIMOD (BRD:BRD-K26657438-001-15-2),float64,248,118,0,0,0
AST-1306 (BRD:BRD-K26838195-075-04-9),float64,248,118,0,0,0
VINCAMINE (BRD:BRD-K89704198-001-12-3),float64,248,118,0,0,0
PD 173074 (BRD:BRD-K97764662-001-17-3),float64,248,118,0,0,0
SARAFLOXACIN (BRD:BRD-K08525451-003-05-2),float64,248,117,0,0,0
CEP-33779 (BRD:BRD-K37237504-001-02-7),float64,248,117,0,0,0
IEM1754 (BRD:BRD-K80060353-303-03-9),float64,248,117,0,0,0
BENZYLDIMETHYLHEXADECYLAMMONIUM (BRD:BRD-K23403298-003-01-9),float64,248,116,0,0,0
TAMIBAROTENE (BRD:BRD-K36627727-001-05-4),float64,248,116,0,0,0
SU-11248 (BRD:BRD-K42828737-001-03-3),float64,248,116,0,0,0
FUDOSTEINE (BRD:BRD-K54838207-001-03-8),float64,248,116,0,0,0
AEG3482 (BRD:BRD-K77634909-001-03-5),float64,248,116,0,0,0
DOFETILIDE (BRD:BRD-K86887724-001-10-6),float64,248,116,0,0,0
TOFOGLIFLOZIN (BRD:BRD-K96344439-002-02-7),float64,248,116,0,0,0
U-18666A (BRD:BRD-K22025381-003-01-9),float64,248,115,0,0,0
284461-73-0 (BRD:BRD-K23984367-001-07-5),float64,248,115,0,0,0
CP-673451 (BRD:BRD-K43621685-001-02-5),float64,248,115,0,0,0
BETAMETHASONE-DIPROPIONATE (BRD:BRD-K58148589-001-03-6),float64,248,115,0,0,0
MK 0457 (BRD:BRD-K59369769-001-22-9),float64,248,115,0,0,0
GEFITINIB (BRD:BRD-K64052750-001-22-5),float64,248,115,0,0,0
OMEPRAZOLE (BRD:BRD-A55962179-001-22-1),float64,248,114,0,0,0
PALIPERIDONE (BRD:BRD-A99888680-001-03-8),float64,248,114,0,0,0
PHENYLBUTAZONE (BRD:BRD-K10843433-001-22-7),float64,248,114,0,0,0
MEGLITINIDE (BRD:BRD-K51324732-001-01-0),float64,248,114,0,0,0
AMG-232 (BRD:BRD-K64925568-001-01-8),float64,248,114,0,0,0
INGENOL-MEBUTATE (BRD:BRD-K93779381-001-01-9),float64,248,114,0,0,0
MIDODRINE (BRD:BRD-A79981887-003-16-4),float64,248,113,0,0,0
WHI-P154 (BRD:BRD-K07487750-001-03-3),float64,248,113,0,0,0
CNX-2006 (BRD:BRD-K24869513-001-02-1),float64,248,113,0,0,0
BUTAMBEN (BRD:BRD-K27217864-001-22-3),float64,248,113,0,0,0
JQ1-(+) (BRD:BRD-K54606188-001-13-1),float64,248,113,0,0,0
FERB-033 (BRD:BRD-K61642990-001-01-0),float64,248,113,0,0,0
RESIQUIMOD (BRD:BRD-K76210423-001-01-6),float64,248,113,0,0,0
CHLORPROPAMIDE (BRD:BRD-K97746869-001-27-0),float64,248,113,0,0,0
ZALDARIDE (BRD:BRD-A26032986-050-02-1),float64,248,112,0,0,0
AJMALINE (BRD:BRD-A48300215-001-04-8),float64,248,112,0,0,0
PREDNISOLONE-HEMISUCCINATE (BRD:BRD-A78391468-001-02-8),float64,248,112,0,0,0
SKI-II (BRD:BRD-K20755323-001-05-9),float64,248,112,0,0,0
BARASERTIB (BRD:BRD-K31928526-001-02-1),float64,248,112,0,0,0
NITARSONE (BRD:BRD-K56707426-001-02-0),float64,248,112,0,0,0
ECAMSULE-TRIETHANOLAMINE (BRD:BRD-A47953250-001-01-7),float64,248,111,0,0,0
NVP-AEW541 (BRD:BRD-K24696047-001-02-3),float64,248,111,0,0,0
APATINIB (BRD:BRD-K25244359-066-03-4),float64,248,111,0,0,0
ZM-306416 (BRD:BRD-K41337261-001-03-0),float64,248,111,0,0,0
HALOBETASOL-PROPIONATE (BRD:BRD-K65877271-001-01-8),float64,248,111,0,0,0
TMS (BRD:BRD-K96233303-001-01-9),float64,248,111,0,0,0
CEP-32496 (BRD:BRD-K20722021-001-02-1),float64,248,110,0,0,0
PTEROSTILBENE (BRD:BRD-K53097745-001-01-5),float64,248,110,0,0,0
MK-2461 (BRD:BRD-K56405753-001-02-4),float64,248,110,0,0,0
SULFABENZAMIDE (BRD:BRD-K59983611-001-21-9),float64,248,110,0,0,0
IDOXURIDINE (BRD:BRD-K76634210-001-14-7),float64,248,110,0,0,0
CP-724714 (BRD:BRD-K76908866-001-07-6),float64,248,110,0,0,0
CILOSTAMIDE (BRD:BRD-K28578425-001-07-0),float64,248,109,0,0,0
TASISULAM (BRD:BRD-K42495768-001-01-7),float64,248,109,0,0,0
RUXOLITINIB (BRD:BRD-K53972329-001-07-0),float64,248,109,0,0,0
FLUMETHASONE (BRD:BRD-K61496577-001-20-2),float64,248,109,0,0,0
ACIPIMOX (BRD:BRD-K63736853-001-04-8),float64,248,109,0,0,0
NAFTIFINE (BRD:BRD-K74141488-003-11-2),float64,248,109,0,0,0
HEXYLRESORCINOL (BRD:BRD-K99946902-001-07-5),float64,248,109,0,0,0
BOSULIF (BRD:BRD-K99964838-001-11-9),float64,248,109,0,0,0
AZACITIDINE (BRD:BRD-K03406345-001-21-1),float64,248,108,0,0,0
TRAMETINIB (BRD:BRD-K12343256-001-14-7),float64,248,108,0,0,0
CYCLOVIROBUXIN-D (BRD:BRD-K27799744-001-02-8),float64,248,108,0,0,0
BIRABRESIB (BRD:BRD-K43471985-001-03-0),float64,248,108,0,0,0
MESNA (BRD:BRD-K49954789-001-02-9),float64,248,108,0,0,0
VEMURAFENIB (BRD:BRD-K56343971-001-14-8),float64,248,108,0,0,0
VENETOCLAX (BRD:BRD-K62391742-001-09-7),float64,248,108,0,0,0
NALOXONE (BRD:BRD-K67511046-001-02-3),float64,248,108,0,0,0
PI-828 (BRD:BRD-K97365803-001-02-1),float64,248,108,0,0,0
FLORFENICOL (BRD:BRD-A30886737-001-02-9),float64,248,107,0,0,0
PRALATREXATE (BRD:BRD-A74914197-001-02-9),float64,248,107,0,0,0
CHLORPYRIFOS (BRD:BRD-K08303368-001-10-0),float64,248,107,0,0,0
ALPELISIB (BRD:BRD-K54997624-001-06-0),float64,248,107,0,0,0
LEVOBUNOLOL (BRD:BRD-K31812033-003-11-0),float64,248,106,0,0,0
COBICISTAT (BRD:BRD-K51040301-001-02-1),float64,248,106,0,0,0
PF-573228 (BRD:BRD-K79239947-001-06-8),float64,248,106,0,0,0
INDIPLON (BRD:BRD-K90948141-001-01-4),float64,248,106,0,0,0
"2,3-DCPE (BRD:BRD-K61734568-003-02-1)",float64,248,105,0,0,0
KI-16425 (BRD:BRD-A25569250-001-03-3),float64,248,104,0,0,0
GSK1838705A (BRD:BRD-K06749501-001-02-1),float64,248,104,0,0,0
LY2603618 (BRD:BRD-K14109347-001-03-4),float64,248,104,0,0,0
K-RAS(G12C)-INHIBITOR-6 (BRD:BRD-K26305185-001-02-1),float64,248,104,0,0,0
CHLOROGENIC-ACID (BRD:BRD-K47114202-001-14-6),float64,248,104,0,0,0
ARRY-886 (BRD:BRD-K57080016-001-15-9),float64,248,104,0,0,0
ERDAFITINIB (BRD:BRD-K84868168-001-01-0),float64,248,104,0,0,0
MYCOPHENOLATE-MOFETIL (BRD:BRD-K92428153-001-04-4),float64,248,104,0,0,0
THIAMINE (BRD:BRD-K95785345-300-14-8),float64,248,104,0,0,0
UK-383367 (BRD:BRD-K06294530-001-01-5),float64,248,103,0,0,0
STA-5326 (BRD:BRD-K41783120-001-02-8),float64,248,103,0,0,0
SB-366791 (BRD:BRD-K61536336-001-01-7),float64,248,103,0,0,0
TACROLIMUS (BRD:BRD-K69608737-001-10-2),float64,248,103,0,0,0
OLTIPRAZ (BRD:BRD-K86972824-001-01-4),float64,248,103,0,0,0
EXATECAN-MESYLATE (BRD:BRD-K92150287-066-01-2),float64,248,103,0,0,0
TEMAZEPAM (BRD:BRD-A93093700-001-02-9),float64,248,102,0,0,0
LENVATINIB (BRD:BRD-K39974922-001-04-3),float64,248,102,0,0,0
HYDROXYUREA (BRD:BRD-K51747290-001-13-1),float64,248,102,0,0,0
GSK-3-INHIBITOR-IX (BRD:BRD-K04923131-001-15-4),float64,248,101,0,0,0
PRT062070 (BRD:BRD-K25835157-001-01-4),float64,248,101,0,0,0
CABOZANTINIB (BRD:BRD-K51544265-001-04-2),float64,248,101,0,0,0
SUXIBUZONE (BRD:BRD-K78815826-001-14-6),float64,248,101,0,0,0
BHG712 (BRD:BRD-K79259477-001-04-9),float64,248,101,0,0,0
OXAZEPAM (BRD:BRD-A50049929-001-01-9),float64,248,100,0,0,0
SECNIDAZOLE (BRD:BRD-A70083328-001-23-5),float64,248,100,0,0,0
212631-79-3 (BRD:BRD-K05104363-001-10-0),float64,248,100,0,0,0
EKB 569 (BRD:BRD-K08799216-001-05-3),float64,248,100,0,0,0
VISMODEGIB (BRD:BRD-K44827188-001-06-0),float64,248,100,0,0,0
TWS-119 (BRD:BRD-K94176593-001-09-4),float64,248,100,0,0,0
TIPRANAVIR (BRD:BRD-A10039652-001-01-2),float64,248,99,0,0,0
MOLIBRESIB (BRD:BRD-K08109215-001-06-4),float64,248,99,0,0,0
PP-1 (BRD:BRD-K47598052-001-15-8),float64,248,99,0,0,0
CGS-20625 (BRD:BRD-K68103045-001-02-9),float64,248,99,0,0,0
NAVITOCLAX (BRD:BRD-K82746043-001-19-3),float64,248,99,0,0,0
FOSCARNET (BRD:BRD-K85146014-314-05-4),float64,248,99,0,0,0
MAYTANSINOL-ISOBUTYRATE (BRD:BRD-K15898725-001-01-7),float64,248,98,0,0,0
BETULINIC-ACID (BRD:BRD-K45401373-001-20-9),float64,248,98,0,0,0
ETOPOSIDE-PHOSPHATE (BRD:BRD-K72533376-001-01-2),float64,248,98,0,0,0
N-ACETYLMANNOSAMINE (BRD:BRD-A92872453-001-01-8),float64,248,97,0,0,0
ARTEMISININ (BRD:BRD-K13112821-001-17-4),float64,248,97,0,0,0
CARBOXYAMIDOTRIAZOLE (BRD:BRD-K68408772-001-05-4),float64,248,97,0,0,0
EMBELIC ACID (BRD:BRD-K86727142-001-12-4),float64,248,97,0,0,0
RKI-1447 (BRD:BRD-K19333160-001-01-3),float64,248,96,0,0,0
TEMSIROLIMUS (BRD:BRD-K42898655-001-01-8),float64,248,96,0,0,0
ASP-4130 (BRD:BRD-K53414658-001-08-2),float64,248,96,0,0,0
AM-251 (BRD:BRD-K92000912-001-12-6),float64,248,96,0,0,0
SB-205384 (BRD:BRD-A22707317-001-10-8),float64,248,95,0,0,0
GSK 1904529A (BRD:BRD-K04833372-001-06-2),float64,248,95,0,0,0
PALBOCICLIB (BRD:BRD-K51313569-001-07-8),float64,248,95,0,0,0
PITAVASTATIN (BRD:BRD-K75958547-238-01-0),float64,248,95,0,0,0
RS-504393 (BRD:BRD-K87510569-001-02-8),float64,248,95,0,0,0
TEPOXALIN (BRD:BRD-K89714990-001-01-5),float64,248,95,0,0,0
COBIMETINIB (BRD:BRD-K03390685-001-01-7),float64,248,94,0,0,0
CARMOFUR (BRD:BRD-K11630072-001-13-2),float64,248,94,0,0,0
BISACODYL (BRD:BRD-K39987650-001-24-1),float64,248,94,0,0,0
BIBX-1382 (BRD:BRD-K70914287-300-02-8),float64,248,94,0,0,0
AS-703026 (BRD:BRD-K89014967-001-04-3),float64,248,94,0,0,0
BENTAZEPAM (BRD:BRD-K89490285-001-08-1),float64,248,94,0,0,0
TRIMEBUTINE (BRD:BRD-A92630576-050-24-1),float64,248,93,0,0,0
KETOPROFEN (BRD:BRD-A97739905-001-26-5),float64,248,93,0,0,0
ROCILETINIB (BRD:BRD-K33610132-001-02-9),float64,248,93,0,0,0
DACARBAZINE (BRD:BRD-K35520305-001-16-9),float64,248,93,0,0,0
ATIPAMEZOLE (BRD:BRD-K39252998-003-01-5),float64,248,93,0,0,0
NIRAPARIB (BRD:BRD-K54955827-001-02-2),float64,248,93,0,0,0
DECITABINE (BRD:BRD-K79254416-001-21-8),float64,248,93,0,0,0
17-AAG (BRD:BRD-K81473043-001-19-5),float64,248,93,0,0,0
ERCALCITRIOL (BRD:BRD-K84163249-001-01-9),float64,248,93,0,0,0
IDRA-21 (BRD:BRD-A14344385-001-03-2),float64,248,92,0,0,0
OCTENIDINE (BRD:BRD-K04568635-300-01-4),float64,248,92,0,0,0
NORFLOXACIN (BRD:BRD-K11196887-001-22-0),float64,248,92,0,0,0
CAL-101 (BRD:BRD-K60866521-001-07-1),float64,248,92,0,0,0
BATIMASTAT (BRD:BRD-K82818427-001-04-8),float64,248,92,0,0,0
ASP-7487 (BRD:BRD-K86118762-001-01-8),float64,248,92,0,0,0
INDISULAM (BRD:BRD-K17610631-001-03-3),float64,248,91,0,0,0
U-0126 (BRD:BRD-K18787491-001-08-6),float64,248,91,0,0,0
BIBU-1361 (BRD:BRD-K49294207-300-03-8),float64,248,91,0,0,0
AMONAFIDE (BRD:BRD-K56334280-001-05-1),float64,248,91,0,0,0
BUSULFAN (BRD:BRD-K23204545-001-16-4),float64,248,90,0,0,0
LEVOCETIRIZINE (BRD:BRD-K27184429-300-01-3),float64,248,90,0,0,0
ABT-702 (BRD:BRD-K36021395-300-02-4),float64,248,90,0,0,0
DIENOGEST (BRD:BRD-K50853363-001-02-3),float64,248,90,0,0,0
AVN-944 (BRD:BRD-K62196610-001-01-6),float64,248,90,0,0,0
JNJ-26854165 (BRD:BRD-K65924316-001-03-1),float64,248,90,0,0,0
TALAZOPARIB (BRD:BRD-K95142244-001-01-5),float64,248,90,0,0,0
1-AZAKENPAULLONE (BRD:BRD-K03273112-001-01-8),float64,248,89,0,0,0
TAZEMETOSTAT (BRD:BRD-K11215326-001-03-7),float64,248,89,0,0,0
DEFACTINIB (BRD:BRD-K43578482-001-01-4),float64,248,89,0,0,0
CEFDITOREN-PIVOXIL (BRD:BRD-K72167406-001-02-1),float64,248,89,0,0,0
TEPRENONE (BRD:BRD-K11510141-001-01-8),float64,248,88,0,0,0
BMS-754807 (BRD:BRD-K13049116-001-04-0),float64,248,88,0,0,0
LAPATINIB (BRD:BRD-K19687926-001-04-1),float64,248,88,0,0,0
ELTROMBOPAG (BRD:BRD-K40496271-396-01-1),float64,248,88,0,0,0
DASATINIB (BRD:BRD-K49328571-001-15-0),float64,248,88,0,0,0
PILARALISIB (BRD:BRD-K49456274-001-01-9),float64,248,88,0,0,0
ZALEPLON (BRD:BRD-K92657060-001-05-7),float64,248,88,0,0,0
PD-153035 (BRD:BRD-K26603252-003-04-9),float64,248,87,0,0,0
ABEMACICLIB (BRD:BRD-K33622447-066-01-9),float64,248,87,0,0,0
BIRINAPANT (BRD:BRD-K71221037-001-01-6),float64,248,87,0,0,0
SGI-1776 (BRD:BRD-K80700417-001-04-2),float64,248,87,0,0,0
VTP-27999 (BRD:BRD-K81694556-003-01-9),float64,248,87,0,0,0
MOMELOTINIB (BRD:BRD-K87737963-001-06-0),float64,248,87,0,0,0
BECLOMETHASONE-DIPROPIONATE (BRD:BRD-K97810537-001-13-6),float64,248,87,0,0,0
BUTYLSCOPOLAMINE-BROMIDE (BRD:BRD-A53951045-004-01-6),float64,248,86,0,0,0
PRIMAQUINE (BRD:BRD-A55913614-316-09-6),float64,248,86,0,0,0
UNC2250 (BRD:BRD-K01773560-001-02-4),float64,248,86,0,0,0
AG-13736 (BRD:BRD-K29905972-001-06-3),float64,248,86,0,0,0
EPINEPHRINE (BRD:BRD-K63126190-003-01-6),float64,248,86,0,0,0
PAZOPANIB (BRD:BRD-K74514084-003-09-2),float64,248,86,0,0,0
AZD2461 (BRD:BRD-K85014146-001-02-5),float64,248,86,0,0,0
ESTRAMUSTINE (BRD:BRD-A70858459-001-01-7),float64,248,85,0,0,0
CGS-15943 (BRD:BRD-K49049886-001-08-7),float64,248,85,0,0,0
VANDETANIB (BRD:BRD-K77625799-001-07-7),float64,248,85,0,0,0
EFONIDIPINE-MONOETHANOLATE (BRD:BRD-M92675308-003-07-1),float64,248,85,0,0,0
GINKGOLIDE-A (BRD:BRD-A95121829-001-08-9),float64,248,84,0,0,0
VS-4718 (BRD:BRD-K09877029-001-01-2),float64,248,84,0,0,0
1-PHENYLBIGUANIDE (BRD:BRD-K31491153-003-05-9),float64,248,84,0,0,0
GSK-2141795 (BRD:BRD-K38332599-001-01-3),float64,248,84,0,0,0
ISPINESIB (BRD:BRD-K64881305-001-03-7),float64,248,84,0,0,0
PENTAGASTRIN (BRD:BRD-K78789465-001-01-6),float64,248,84,0,0,0
BEXAROTENE (BRD:BRD-K92441787-001-04-1),float64,248,84,0,0,0
TRAPIDIL (BRD:BRD-K95763993-001-19-3),float64,248,84,0,0,0
BMS-626529 (BRD:BRD-K97883416-001-01-4),float64,248,84,0,0,0
BARDOXOLONE (BRD:BRD-K20545304-001-01-6),float64,248,83,0,0,0
ZIPRASIDONE (BRD:BRD-K29582115-066-01-2),float64,248,83,0,0,0
CYPROTERONE-ACETATE (BRD:BRD-K41141507-001-16-2),float64,248,83,0,0,0
PEVONEDISTAT (BRD:BRD-K67844266-003-01-9),float64,248,83,0,0,0
IPATASERTIB (BRD:BRD-K71480163-001-01-4),float64,248,83,0,0,0
SN38 (BRD:BRD-K89561498-001-01-7),float64,248,83,0,0,0
CHLORQUINALDOL (BRD:BRD-K90374350-001-09-2),float64,248,83,0,0,0
SAXAGLIPTIN (BRD:BRD-A81513827-001-03-6),float64,248,82,0,0,0
PINOMETOSTAT (BRD:BRD-K26531771-001-02-2),float64,248,82,0,0,0
GSK2656157 (BRD:BRD-K41104902-001-01-3),float64,248,82,0,0,0
OSIMERTINIB (BRD:BRD-K42805893-001-04-9),float64,248,82,0,0,0
CNX-774 (BRD:BRD-K48443249-001-01-0),float64,248,82,0,0,0
SAR245409 (BRD:BRD-K56291712-001-01-0),float64,248,82,0,0,0
TROVAFLOXACIN (BRD:BRD-K00494077-066-01-9),float64,248,81,0,0,0
LUCITANIB (BRD:BRD-K31309378-001-01-5),float64,248,81,0,0,0
TACEDINALINE (BRD:BRD-K52313696-001-12-3),float64,248,81,0,0,0
CYC116 (BRD:BRD-K64866502-001-03-9),float64,248,81,0,0,0
FLUDARA (BRD:BRD-K66788707-001-14-3),float64,248,81,0,0,0
FLUOROURACIL (BRD:BRD-K24844714-001-24-5),float64,248,80,0,0,0
IODIPAMIDE (BRD:BRD-K67261995-001-11-7),float64,248,80,0,0,0
RHEOCHRYSIDIN (BRD:BRD-K67772619-001-05-1),float64,248,80,0,0,0
DARIFENACIN (BRD:BRD-K95773607-004-03-8),float64,248,80,0,0,0
DEFLAZACORT (BRD:BRD-K96006502-001-02-6),float64,248,80,0,0,0
ERASTIN (BRD:BRD-A25004090-001-08-4),float64,248,79,0,0,0
PRACTOLOL (BRD:BRD-A41304429-001-14-8),float64,248,79,0,0,0
EPIRUBICIN (BRD:BRD-K04548931-003-16-5),float64,248,79,0,0,0
AZ-10353926 (BRD:BRD-K19540840-001-09-4),float64,248,79,0,0,0
SB-505124 (BRD:BRD-K40109029-001-02-9),float64,248,79,0,0,0
BALAPIRAVIR (BRD:BRD-K47976015-001-01-2),float64,248,79,0,0,0
BAICALIN (BRD:BRD-K49962337-001-02-9),float64,248,79,0,0,0
CANERTINIB (BRD:BRD-K50168500-001-07-9),float64,248,79,0,0,0
VOLASERTIB (BRD:BRD-K69776681-001-03-8),float64,248,79,0,0,0
ELACRIDAR (BRD:BRD-K88807631-001-01-3),float64,248,79,0,0,0
IBUTILIDE (BRD:BRD-A74391928-051-01-3),float64,248,78,0,0,0
SAR131675 (BRD:BRD-K38904395-001-02-3),float64,248,78,0,0,0
ACETOPHENAZINE (BRD:BRD-K42938903-332-01-1),float64,248,78,0,0,0
BVT-948 (BRD:BRD-K68567222-001-01-2),float64,248,78,0,0,0
REPSOX (BRD:BRD-K80480517-001-02-4),float64,248,78,0,0,0
METHACYCLINE (BRD:BRD-A49035384-003-28-9),float64,248,77,0,0,0
SODIUM-STIBOGLUCONATE (BRD:BRD-A60786380-412-01-5),float64,248,77,0,0,0
CLOMIFENE (BRD:BRD-K29950728-048-17-4),float64,248,77,0,0,0
AZD9668 (BRD:BRD-K31476763-001-01-5),float64,248,77,0,0,0
PF-03758309 (BRD:BRD-K37764012-001-04-1),float64,248,77,0,0,0
SDZ-WAG-994 (BRD:BRD-K39558284-001-01-2),float64,248,77,0,0,0
KP-1212 (BRD:BRD-K46690591-001-01-2),float64,248,77,0,0,0
DACLATASVIR (BRD:BRD-K82861010-001-02-5),float64,248,77,0,0,0
PETCM (BRD:BRD-A93477898-001-04-2),float64,248,76,0,0,0
FOSBRETABULIN (BRD:BRD-K06814349-304-02-7),float64,248,76,0,0,0
IRINOTECAN (BRD:BRD-K08547377-001-04-4),float64,248,76,0,0,0
ALFACALCIDOL (BRD:BRD-K49522529-001-02-9),float64,248,76,0,0,0
SC-144 (BRD:BRD-K55305701-001-01-2),float64,248,76,0,0,0
ANAGRELIDE (BRD:BRD-K62200014-003-10-5),float64,248,76,0,0,0
CARVEDILOL (BRD:BRD-A10977446-001-12-1),float64,248,75,0,0,0
SPARFLOXACIN (BRD:BRD-K07612980-001-05-3),float64,248,75,0,0,0
FLUTICASONE-PROPIONATE (BRD:BRD-K62310379-001-10-5),float64,248,75,0,0,0
GOLVATINIB (BRD:BRD-K69001009-001-02-8),float64,248,75,0,0,0
MEBENDAZOLE (BRD:BRD-K77987382-001-13-2),float64,248,75,0,0,0
CAPTAMINE (BRD:BRD-K81645907-001-01-1),float64,248,75,0,0,0
U-0126 (BRD:BRD-K91701654-001-03-1),float64,248,75,0,0,0
PP-2 (BRD:BRD-K95785537-001-23-1),float64,248,75,0,0,0
ISOFLOXYTHEPIN (BRD:BRD-A07704283-001-01-3),float64,248,74,0,0,0
PHENIRAMINE (BRD:BRD-A23072235-050-18-5),float64,248,74,0,0,0
DIGITOXIN (BRD:BRD-A93236127-001-04-5),float64,248,74,0,0,0
GDC-0152 (BRD:BRD-K68938568-001-01-7),float64,248,74,0,0,0
BMS-690514 (BRD:BRD-K76239644-001-02-6),float64,248,74,0,0,0
OLAPARIB (BRD:BRD-K02113016-001-19-6),float64,248,73,0,0,0
LY2801653 (BRD:BRD-K18961567-001-01-1),float64,248,73,0,0,0
PONATINIB (BRD:BRD-K44227013-001-06-4),float64,248,73,0,0,0
MYCOPHENOLIC-ACID (BRD:BRD-K63750851-001-20-7),float64,248,73,0,0,0
IDRONOXIL (BRD:BRD-K74671368-001-01-8),float64,248,73,0,0,0
LITRONESIB (BRD:BRD-K83029223-001-01-3),float64,248,73,0,0,0
AVL-292 (BRD:BRD-K87782578-001-01-4),float64,248,73,0,0,0
CPI-1189 (BRD:BRD-K11073688-001-01-6),float64,248,72,0,0,0
FILANESIB (BRD:BRD-K37379014-001-02-0),float64,248,72,0,0,0
PACLITAXEL (BRD:BRD-K62008436-001-23-9),float64,248,72,0,0,0
CPP (BRD:BRD-K66094457-001-01-5),float64,248,72,0,0,0
OLIGOMYCIN-A (BRD:BRD-A81541225-001-06-8),float64,248,71,0,0,0
DIHYDROMYRICETIN (BRD:BRD-K01614093-001-02-6),float64,248,71,0,0,0
ODANACATIB (BRD:BRD-K22822991-001-02-3),float64,248,71,0,0,0
DOCETAXEL (BRD:BRD-K30577245-001-05-0),float64,248,71,0,0,0
TANSHINONE-I (BRD:BRD-K34073885-001-09-3),float64,248,71,0,0,0
MIFEPRISTONE (BRD:BRD-K37270826-001-27-6),float64,248,71,0,0,0
SPERMIDINE (BRD:BRD-K40438880-305-06-6),float64,248,71,0,0,0
GSK1292263 (BRD:BRD-K60341624-001-02-2),float64,248,71,0,0,0
XILOBAM (BRD:BRD-K79633074-001-01-8),float64,248,71,0,0,0
TERFENADINE (BRD:BRD-A06352418-001-25-9),float64,248,70,0,0,0
METHOTREXATE (BRD:BRD-A55424491-001-19-9),float64,248,70,0,0,0
EXEL-2880 (BRD:BRD-K03449891-001-08-6),float64,248,70,0,0,0
REGORAFENIB (BRD:BRD-K16730910-001-10-7),float64,248,70,0,0,0
2-METHOXYESTRADIOL (BRD:BRD-K44408410-001-17-6),float64,248,70,0,0,0
NERATINIB (BRD:BRD-K85606544-001-09-1),float64,248,70,0,0,0
FLUDROXYCORTIDE (BRD:BRD-A49765801-001-04-1),float64,248,69,0,0,0
RIBOCICLIB (BRD:BRD-K36788280-001-01-2),float64,248,69,0,0,0
SB-200646 (BRD:BRD-K77677632-003-02-6),float64,248,69,0,0,0
PROSCILLARIDIN-A (BRD:BRD-A11815689-001-01-1),float64,248,68,0,0,0
CIS-DDP (BRD:BRD-K69172251-001-08-9),float64,248,68,0,0,0
SU014813 (BRD:BRD-K75911534-001-01-6),float64,248,68,0,0,0
PTC-209 (BRD:BRD-K83834509-001-01-1),float64,248,68,0,0,0
NOVOBIOCIN (BRD:BRD-K85307935-236-09-5),float64,248,68,0,0,0
DOVITINIB (BRD:BRD-K85402309-043-01-9),float64,248,68,0,0,0
VISTUSERTIB (BRD:BRD-K99113996-001-02-0),float64,248,68,0,0,0
PD-318088 (BRD:BRD-A57798112-001-03-7),float64,248,67,0,0,0
SANGIVAMYCIN (BRD:BRD-A64064900-001-02-3),float64,248,67,0,0,0
5-HYDROXYMETHYL-TOLTERODINE (BRD:BRD-K24603946-001-02-1),float64,248,67,0,0,0
YM 201636 (BRD:BRD-K48488978-001-05-3),float64,248,67,0,0,0
OXIPEROMIDE (BRD:BRD-K78096648-001-05-7),float64,248,67,0,0,0
NILOTINIB (BRD:BRD-K81528515-001-13-8),float64,248,67,0,0,0
NAVARIXIN (BRD:BRD-K82850175-001-01-1),float64,248,67,0,0,0
PFK-015 (BRD:BRD-K95573441-001-01-2),float64,248,67,0,0,0
AMG 706 (BRD:BRD-K99616396-001-05-1),float64,248,67,0,0,0
ETHACRIDINE-LACTATE-MONOHYDRATE (BRD:BRD-K24715592-406-02-1),float64,248,66,0,0,0
RIGOSERTIB (BRD:BRD-K55187425-236-05-2),float64,248,66,0,0,0
AZ3146 (BRD:BRD-K59146805-001-03-7),float64,248,66,0,0,0
G-1 (BRD:BRD-K62696033-001-01-4),float64,248,66,0,0,0
CLADRIBINE (BRD:BRD-K93034159-001-25-8),float64,248,66,0,0,0
ICG-001 (BRD:BRD-K94455792-001-01-8),float64,248,66,0,0,0
PEPSTATIN (BRD:BRD-K13571841-001-14-4),float64,248,65,0,0,0
Y-27632 (BRD:BRD-K44084986-300-08-4),float64,248,65,0,0,0
PROFLAVINE-HEMISULFATE (BRD:BRD-K68408467-065-01-8),float64,248,65,0,0,0
RADEZOLID (BRD:BRD-K84683831-001-01-0),float64,248,65,0,0,0
AM-580 (BRD:BRD-K06854232-001-19-9),float64,248,64,0,0,0
BEZ235 (BRD:BRD-K12184916-001-19-6),float64,248,64,0,0,0
SATRAPLATIN (BRD:BRD-K42497885-001-01-1),float64,248,64,0,0,0
ONC201 (BRD:BRD-K58529924-001-01-5),float64,248,64,0,0,0
ADEFOVIR-DIPIVOXIL (BRD:BRD-K96159438-001-06-3),float64,248,64,0,0,0
8-HYDROXY-PIPAT (BRD:BRD-A60594020-034-01-1),float64,248,63,0,0,0
CARIPORIDE (BRD:BRD-K21670884-001-01-9),float64,248,63,0,0,0
RESMINOSTAT (BRD:BRD-K28822270-001-03-7),float64,248,63,0,0,0
AC-264613 (BRD:BRD-K81548480-001-01-2),float64,248,63,0,0,0
FLI-06 (BRD:BRD-A44500574-001-01-8),float64,248,62,0,0,0
SULFANILAMIDE (BRD:BRD-K02594908-001-16-4),float64,248,62,0,0,0
DROSPIRENONE (BRD:BRD-K04394237-001-03-7),float64,248,62,0,0,0
EVACETRAPIB (BRD:BRD-K16551357-001-03-2),float64,248,62,0,0,0
AFURESERTIB (BRD:BRD-K25412176-001-01-9),float64,248,62,0,0,0
ACY-1215 (BRD:BRD-K82928847-001-04-7),float64,248,62,0,0,0
MLN-8054 (BRD:BRD-K83963101-001-06-9),float64,248,62,0,0,0
E7449 (BRD:BRD-K05444225-001-01-7),float64,248,61,0,0,0
LE-135 (BRD:BRD-K06593056-001-04-8),float64,248,61,0,0,0
DOLUTEGRAVIR (BRD:BRD-K36386086-001-01-1),float64,248,61,0,0,0
MIBAMPATOR (BRD:BRD-K42981054-001-01-9),float64,248,61,0,0,0
OSI-420 (BRD:BRD-K73309154-003-02-8),float64,248,61,0,0,0
CRIZOTINIB (BRD:BRD-K78431006-001-15-1),float64,248,61,0,0,0
MELPHALAN (BRD:BRD-K87827419-001-16-8),float64,248,61,0,0,0
CAPIVASERTIB (BRD:BRD-K99023089-001-03-7),float64,248,61,0,0,0
GDC-0980 (BRD:BRD-K23228615-001-02-8),float64,248,60,0,0,0
KI-8751 (BRD:BRD-K47150025-001-05-3),float64,248,60,0,0,0
SB-225002 (BRD:BRD-K61323504-001-04-0),float64,248,60,0,0,0
IDAZOXAN (BRD:BRD-A18696154-003-22-6),float64,248,59,0,0,0
AMINOPURVALANOL-A (BRD:BRD-K07762753-001-04-4),float64,248,59,0,0,0
PENTAMIDINE (BRD:BRD-K13183738-317-10-2),float64,248,59,0,0,0
(+)-CAMPTOTHECIN (BRD:BRD-K37890730-001-15-1),float64,248,59,0,0,0
FK-3311 (BRD:BRD-K38350380-001-01-8),float64,248,59,0,0,0
DACOMITINIB (BRD:BRD-K57169635-001-04-5),float64,248,59,0,0,0
AFATINIB (BRD:BRD-K66175015-001-12-4),float64,248,59,0,0,0
ENMD-2076 (BRD:BRD-K68488863-001-04-9),float64,248,59,0,0,0
BAY 869766 (BRD:BRD-K85751432-001-03-3),float64,248,59,0,0,0
PF-04457845 (BRD:BRD-K86816506-001-01-8),float64,248,59,0,0,0
SB-218078 (BRD:BRD-A06352508-001-03-7),float64,248,58,0,0,0
ACIVICIN (BRD:BRD-K13050541-001-01-9),float64,248,58,0,0,0
BELINOSTAT (BRD:BRD-K17743125-001-08-4),float64,248,58,0,0,0
"L-798,106 (BRD:BRD-K43905307-001-01-2)",float64,248,58,0,0,0
ARCTIGENIN (BRD:BRD-K53523901-001-04-4),float64,248,58,0,0,0
PD-407824 (BRD:BRD-K82823804-001-04-1),float64,248,58,0,0,0
HYPOESTOXIDE (BRD:BRD-A51571244-001-01-9),float64,248,57,0,0,0
ISOPROPYL-MYRISTATE (BRD:BRD-K13409143-001-01-9),float64,248,57,0,0,0
TIOTIDINE (BRD:BRD-K15071410-001-01-1),float64,248,57,0,0,0
MUBRITINIB (BRD:BRD-K19061412-001-02-4),float64,248,57,0,0,0
TUCATINIB (BRD:BRD-K26026438-001-01-0),float64,248,57,0,0,0
TASELISIB (BRD:BRD-K44844162-001-01-6),float64,248,57,0,0,0
EPOTHILONE-D (BRD:BRD-K52762805-001-01-2),float64,248,57,0,0,0
SB-218795 (BRD:BRD-K61097567-001-08-5),float64,248,57,0,0,0
FLUDARABINE-PHOSPHATE (BRD:BRD-K71106091-001-06-1),float64,248,57,0,0,0
TAK-285 (BRD:BRD-K80343549-001-02-6),float64,248,57,0,0,0
CIPROFIBRATE (BRD:BRD-A49358627-001-14-6),float64,248,56,0,0,0
PPT (BRD:BRD-K00312224-001-09-5),float64,248,56,0,0,0
EBASTINE (BRD:BRD-K13314656-001-01-0),float64,248,56,0,0,0
SPERMINE (BRD:BRD-K18375018-376-02-3),float64,248,56,0,0,0
RUTIN (BRD:BRD-K20482099-001-09-4),float64,248,56,0,0,0
CYTOCHLOR (BRD:BRD-K48988407-001-01-2),float64,248,56,0,0,0
BIIB021 (BRD:BRD-K51967704-001-03-6),float64,248,56,0,0,0
CCT129202 (BRD:BRD-K57136142-001-02-4),float64,248,56,0,0,0
HESPERADIN (BRD:BRD-K58122457-001-02-2),float64,248,56,0,0,0
ELOXATIN (BRD:BRD-K78960041-001-05-7),float64,248,56,0,0,0
GASTRODIN (BRD:BRD-K81613478-001-01-8),float64,248,56,0,0,0
JNJ-26481585 (BRD:BRD-K83837640-001-04-8),float64,248,56,0,0,0
SALINOMYCIN (BRD:BRD-A28301258-001-03-0),float64,248,55,0,0,0
FENOPROFEN (BRD:BRD-A81129465-001-03-8),float64,248,55,0,0,0
RIFAMPIN (BRD:BRD-K01507359-001-22-9),float64,248,55,0,0,0
SEVOFLURANE (BRD:BRD-K05638300-001-01-2),float64,248,55,0,0,0
OSI 930 OSI930 (BRD:BRD-K25340465-001-11-1),float64,248,55,0,0,0
LONAFARNIB (BRD:BRD-K41599323-001-02-3),float64,248,55,0,0,0
VATALANIB (BRD:BRD-K70163715-300-05-7),float64,248,55,0,0,0
TIDEGLUSIB (BRD:BRD-K81330143-001-04-8),float64,248,55,0,0,0
NMS-1286937 (BRD:BRD-K83699324-001-01-1),float64,248,55,0,0,0
CHLORIDINE (BRD:BRD-K88429204-001-35-1),float64,248,55,0,0,0
BAFETINIB (BRD:BRD-A75975749-001-01-4),float64,248,54,0,0,0
BMS-345541 (BRD:BRD-K13566078-001-02-3),float64,248,54,0,0,0
P5091 (BRD:BRD-K13606314-001-01-3),float64,248,54,0,0,0
GSK 650394 (BRD:BRD-K14991967-001-02-6),float64,248,54,0,0,0
BVD-523 (BRD:BRD-K28965160-001-01-1),float64,248,54,0,0,0
BENZETHONIUM (BRD:BRD-K72723676-003-17-8),float64,248,54,0,0,0
GSK923295 (BRD:BRD-K89015388-001-01-7),float64,248,54,0,0,0
GEMCITABINE (BRD:BRD-K15108141-001-06-6),float64,248,53,0,0,0
SIMVASTATIN (BRD:BRD-K22134346-001-24-9),float64,248,53,0,0,0
CALCITRIOL (BRD:BRD-K27316855-001-13-3),float64,248,53,0,0,0
TG-100713 (BRD:BRD-K46392623-001-02-5),float64,248,52,0,0,0
THIOSTREPTON (BRD:BRD-K58049875-001-04-7),float64,248,52,0,0,0
KIN001-167 (BRD:BRD-K63068307-001-08-9),float64,248,52,0,0,0
ZK-93426 (BRD:BRD-K68392338-003-02-0),float64,248,52,0,0,0
FLUOROMETHOLONE (BRD:BRD-A13133631-001-04-0),float64,248,51,0,0,0
GOLGICIDE-A (BRD:BRD-A57886255-001-01-1),float64,248,51,0,0,0
BITOPERTIN (BRD:BRD-K13756951-001-01-4),float64,248,51,0,0,0
GX15-070 (BRD:BRD-K15600710-066-05-8),float64,248,51,0,0,0
FR-139317 (BRD:BRD-K19318328-001-01-3),float64,248,51,0,0,0
TH-302 (BRD:BRD-K20958582-001-01-4),float64,248,51,0,0,0
BRIGATINIB (BRD:BRD-K56032964-001-02-1),float64,248,51,0,0,0
AT13387 (BRD:BRD-K58435339-001-03-0),float64,248,51,0,0,0
OXYQUINOLINE (BRD:BRD-K66808046-065-03-7),float64,248,51,0,0,0
SERTINDOLE (BRD:BRD-K69116396-001-04-1),float64,248,51,0,0,0
TIOGUANINE (BRD:BRD-K75649340-001-13-1),float64,248,51,0,0,0
VORINOSTAT (BRD:BRD-K81418486-001-44-2),float64,248,51,0,0,0
NONOXYNOL-9 (BRD:BRD-K88625236-001-04-2),float64,248,51,0,0,0
THEOPHYLLINE (BRD:BRD-K97799481-001-16-0),float64,248,51,0,0,0
NORETYNODREL (BRD:BRD-A00758722-001-04-9),float64,248,50,0,0,0
ADAPREV (BRD:BRD-A73427433-240-01-3),float64,248,50,0,0,0
CICLOPIROX (BRD:BRD-K13044802-213-20-7),float64,248,50,0,0,0
MK-8245 (BRD:BRD-K29656036-001-02-5),float64,248,50,0,0,0
WAY-170523 (BRD:BRD-K36198571-001-02-0),float64,248,50,0,0,0
CHLORHEXIDINE (BRD:BRD-K52256627-300-06-6),float64,248,50,0,0,0
BRIGATINIB (BRD:BRD-K56981171-001-02-8),float64,248,50,0,0,0
CAPECITABINE (BRD:BRD-K61192372-001-08-9),float64,248,50,0,0,0
PYROXAMIDE (BRD:BRD-K11663430-001-02-3),float64,248,49,0,0,0
VU0364770 (BRD:BRD-K66527818-001-02-6),float64,248,49,0,0,0
AZITHROMYCIN (BRD:BRD-K74501079-001-18-1),float64,248,49,0,0,0
TANAPROGET (BRD:BRD-K99604664-001-01-1),float64,248,49,0,0,0
HEXACHLOROPHENE (BRD:BRD-K99792991-001-34-9),float64,248,49,0,0,0
OXPRENOLOL (BRD:BRD-A43671941-003-11-9),float64,248,48,0,0,0
MECLIZINE (BRD:BRD-A50311610-300-10-4),float64,248,48,0,0,0
XL388 (BRD:BRD-K03549949-001-01-0),float64,248,48,0,0,0
CH5132799 (BRD:BRD-K28352084-001-02-3),float64,248,48,0,0,0
DOMIPHEN (BRD:BRD-K30431096-004-01-3),float64,248,48,0,0,0
AUY (BRD:BRD-K41859756-001-06-8),float64,248,48,0,0,0
DOXIFLURIDINE (BRD:BRD-K58262659-001-09-7),float64,248,48,0,0,0
TMC-353121 (BRD:BRD-K66097663-001-01-8),float64,248,48,0,0,0
NOREPINEPHRINE (BRD:BRD-K87349682-347-03-8),float64,248,48,0,0,0
RAF265 (BRD:BRD-K93123848-001-04-1),float64,248,48,0,0,0
KW-2449 (BRD:BRD-K21718444-001-06-8),float64,248,47,0,0,0
TIVANTINIB (BRD:BRD-K33379087-001-07-5),float64,248,47,0,0,0
ARRY-334543 (BRD:BRD-K46386702-001-02-1),float64,248,47,0,0,0
OXIRACETAM (BRD:BRD-K50677762-001-01-5),float64,248,47,0,0,0
FK-866 (BRD:BRD-K58550667-001-08-7),float64,248,47,0,0,0
ELESCLOMOL (BRD:BRD-K82135108-001-04-3),float64,248,47,0,0,0
MERIMEPODIB (BRD:BRD-K09372874-001-01-0),float64,248,46,0,0,0
PAPAVERINE (BRD:BRD-K15567136-003-27-2),float64,248,46,0,0,0
VX-765 (BRD:BRD-K26712974-001-01-5),float64,248,46,0,0,0
KD-023 (BRD:BRD-K71164191-001-01-0),float64,248,46,0,0,0
RS-16566 (BRD:BRD-K80725821-300-02-9),float64,248,46,0,0,0
ALVESPIMYCIN (BRD:BRD-K83988098-001-02-0),float64,248,46,0,0,0
AZD2858 (BRD:BRD-K85849709-001-01-5),float64,248,46,0,0,0
AT-9283 (BRD:BRD-K24576554-001-04-8),float64,248,45,0,0,0
UNBS-5162 (BRD:BRD-K30933884-001-01-0),float64,248,45,0,0,0
RO-9187 (BRD:BRD-K57284066-001-01-6),float64,248,45,0,0,0
TEDIZOLID (BRD:BRD-K59436580-001-01-7),float64,248,45,0,0,0
HOMOHARRINGTONINE (BRD:BRD-K76674262-001-03-3),float64,248,45,0,0,0
APHIDICOLIN (BRD:BRD-K85140930-001-12-7),float64,248,45,0,0,0
KD025 (BRD:BRD-K88506063-001-01-8),float64,248,45,0,0,0
PARTHENOLIDE (BRD:BRD-K98548675-001-05-9),float64,248,45,0,0,0
LENALIDOMIDE (BRD:BRD-A17883755-001-06-1),float64,248,44,0,0,0
TERIFLUNOMIDE (BRD:BRD-A42699921-001-03-6),float64,248,44,0,0,0
R406 (BRD:BRD-K20285085-074-04-5),float64,248,44,0,0,0
MGCD-265 (BRD:BRD-K56277358-001-07-5),float64,248,44,0,0,0
SCH-900776 (BRD:BRD-K75009076-001-02-1),float64,248,44,0,0,0
ALBENDAZOLE (BRD:BRD-K79131256-001-17-9),float64,248,44,0,0,0
PD-198306 (BRD:BRD-K88677950-001-03-9),float64,248,44,0,0,0
SR-33805 (BRD:BRD-K43002771-034-01-6),float64,248,43,0,0,0
CINACALCET (BRD:BRD-K73838513-003-05-5),float64,248,43,0,0,0
DEQUALINIUM (BRD:BRD-K77685957-300-09-1),float64,248,43,0,0,0
GW-583340 (BRD:BRD-K79930101-300-03-7),float64,248,43,0,0,0
MONENSIN (BRD:BRD-A06627858-236-03-0),float64,248,42,0,0,0
A-154475 (BRD:BRD-A27376179-001-01-3),float64,248,42,0,0,0
DEXRAZOXANE (BRD:BRD-K07265709-003-05-6),float64,248,42,0,0,0
LCL-161 (BRD:BRD-K08248804-001-01-8),float64,248,42,0,0,0
MEK1-2-INHIBITOR (BRD:BRD-K12244279-001-05-8),float64,248,42,0,0,0
ASYMMETRICAL-DIMETHYLARGININE (BRD:BRD-K36269323-300-02-6),float64,248,42,0,0,0
EX-8678 (BRD:BRD-K07972848-001-02-0),float64,248,41,0,0,0
GANETESPIB (BRD:BRD-K38852836-001-02-1),float64,248,41,0,0,0
SNX-5422 (BRD:BRD-K73197500-001-02-2),float64,248,41,0,0,0
OPROZOMIB (BRD:BRD-A36331462-001-02-1),float64,248,40,0,0,0
INDOPROFEN (BRD:BRD-A44090213-001-25-6),float64,248,40,0,0,0
DAPIVIRINE (BRD:BRD-K12885236-001-02-7),float64,248,40,0,0,0
7-HYDROXYSTAUROSPORINE (BRD:BRD-K45293975-001-02-0),float64,248,40,0,0,0
PF-03814735 (BRD:BRD-K68747584-001-02-0),float64,248,40,0,0,0
TYRPHOSTIN-AG-1296 (BRD:BRD-K76064317-001-07-3),float64,248,40,0,0,0
NSC-632839 (BRD:BRD-K81197548-003-01-4),float64,248,40,0,0,0
SB-239063 (BRD:BRD-K82091397-001-03-0),float64,248,40,0,0,0
AMFENAC (BRD:BRD-K82122102-323-01-1),float64,248,40,0,0,0
R306465 (BRD:BRD-K86687746-001-01-3),float64,248,40,0,0,0
TALTOBULIN (BRD:BRD-K87512222-019-01-7),float64,248,40,0,0,0
SKF-96365 (BRD:BRD-A72703248-003-04-9),float64,248,39,0,0,0
METHOXYFLURANE (BRD:BRD-K06152156-001-01-8),float64,248,39,0,0,0
NSC-3852 (BRD:BRD-K13169950-001-14-4),float64,248,39,0,0,0
1-NAPHTHYL-PP1 (BRD:BRD-K29542628-001-03-9),float64,248,39,0,0,0
D-7193 (BRD:BRD-K32372024-001-01-0),float64,248,39,0,0,0
ETOPOSIDE (BRD:BRD-K37798499-001-27-2),float64,248,39,0,0,0
R547 (BRD:BRD-K52233191-001-02-4),float64,248,39,0,0,0
ADAVOSERTIB (BRD:BRD-K54256913-001-08-7),float64,248,39,0,0,0
ZM 447439 (BRD:BRD-K72703948-001-10-1),float64,248,39,0,0,0
HEXAMINOLEVULINATE (BRD:BRD-K73753850-003-01-6),float64,248,39,0,0,0
VLX-600 (BRD:BRD-K89053832-001-01-0),float64,248,39,0,0,0
TREMORINE (BRD:BRD-K08619838-300-05-7),float64,248,38,0,0,0
"CP-945,598 (BRD:BRD-K09090949-001-01-9)",float64,248,38,0,0,0
LICOCHALCONE-A (BRD:BRD-K26011976-001-01-0),float64,248,38,0,0,0
DIFLUPREDNATE (BRD:BRD-K33720171-001-01-0),float64,248,38,0,0,0
ZK-811752 (BRD:BRD-K91825936-001-01-2),float64,248,38,0,0,0
BROXYQUINOLINE (BRD:BRD-K23301018-001-11-7),float64,248,37,0,0,0
OUABAIN (BRD:BRD-K33277808-331-01-3),float64,248,37,0,0,0
TOREMIFENE (BRD:BRD-K51350053-048-16-5),float64,248,37,0,0,0
BARICITINIB (BRD:BRD-K53581288-001-02-9),float64,248,37,0,0,0
BARASERTIB-HQPA (BRD:BRD-K63923597-001-10-0),float64,248,37,0,0,0
SNS-314 (BRD:BRD-K71512533-066-02-8),float64,248,37,0,0,0
AZILSARTAN (BRD:BRD-K81074237-001-02-3),float64,248,37,0,0,0
DCEBIO (BRD:BRD-K89299012-001-06-0),float64,248,37,0,0,0
SRT1720 (BRD:BRD-K95926480-003-03-6),float64,248,37,0,0,0
A-61603 (BRD:BRD-A83650191-004-02-8),float64,248,36,0,0,0
METHIAZOLE (BRD:BRD-K02764365-001-13-6),float64,248,36,0,0,0
BIBR-1532 (BRD:BRD-K04623885-001-07-5),float64,248,36,0,0,0
PHA-848125 (BRD:BRD-K60997853-001-02-3),float64,248,36,0,0,0
PI 103 (BRD:BRD-K67868012-001-07-6),float64,248,36,0,0,0
WZ8040 (BRD:BRD-K81728688-001-04-4),float64,248,36,0,0,0
FDCYD (BRD:BRD-K18157228-001-01-7),float64,248,35,0,0,0
DAUNORUBICIN (BRD:BRD-K43389675-001-02-1),float64,248,35,0,0,0
FENBENDAZOLE (BRD:BRD-K51318897-001-15-3),float64,248,35,0,0,0
LY456236 (BRD:BRD-K87696786-003-04-4),float64,248,35,0,0,0
PANOBINOSTAT (BRD:BRD-K02130563-001-11-4),float64,248,34,0,0,0
XL-647 (BRD:BRD-K03765900-001-01-9),float64,248,34,0,0,0
EPLERENONE (BRD:BRD-K19761926-001-03-6),float64,248,34,0,0,0
GENIPIN (BRD:BRD-K28824103-001-02-8),float64,248,34,0,0,0
ATIPRIMOD (BRD:BRD-K38527262-300-01-0),float64,248,34,0,0,0
AMSACRINE (BRD:BRD-K68346641-001-01-4),float64,248,34,0,0,0
WYE-354 (BRD:BRD-K77008974-001-03-2),float64,248,34,0,0,0
MENADIONE (BRD:BRD-K78126613-001-28-5),float64,248,34,0,0,0
TEDIZOLID-PHOSPHATE (BRD:BRD-K89121095-001-01-7),float64,248,34,0,0,0
OXYPHENCYCLIMINE (BRD:BRD-A58193911-003-18-7),float64,248,33,0,0,0
RITA (BRD:BRD-K00317371-001-06-1),float64,248,33,0,0,0
CGP-52411 (BRD:BRD-K13087974-001-02-5),float64,248,33,0,0,0
D-64131 (BRD:BRD-K26997899-001-02-2),float64,248,33,0,0,0
TETRAMETHYLTHIURAM-MONOSULFIDE (BRD:BRD-K36889451-001-01-1),float64,248,33,0,0,0
LY2183240 (BRD:BRD-K37865504-001-04-1),float64,248,33,0,0,0
MLN0128 (BRD:BRD-K59317601-001-05-5),float64,248,33,0,0,0
INOSINE (BRD:BRD-K79612754-001-19-1),float64,248,33,0,0,0
ALVOCIDIB (BRD:BRD-K87909389-003-03-4),float64,248,33,0,0,0
MEVASTATIN (BRD:BRD-K94441233-001-13-0),float64,248,33,0,0,0
COLCHICINE (BRD:BRD-K00259736-001-16-4),float64,248,32,0,0,0
AT-7519 (BRD:BRD-K13390322-001-06-3),float64,248,32,0,0,0
PLX 4720 (BRD:BRD-K16478699-001-09-2),float64,248,32,0,0,0
MITOXANTRONE (BRD:BRD-K21680192-300-14-4),float64,248,32,0,0,0
THIRAM (BRD:BRD-K29254801-001-14-7),float64,248,32,0,0,0
DIOSCIN (BRD:BRD-K37723606-001-01-5),float64,248,32,0,0,0
DIANHYDROGALACTITOL (BRD:BRD-K68502831-001-01-2),float64,248,32,0,0,0
IDARUBICIN (BRD:BRD-K69650333-003-14-0),float64,248,32,0,0,0
BARDOXOLONE-METHYL (BRD:BRD-K69694239-001-02-2),float64,248,32,0,0,0
MK-8745 (BRD:BRD-K25279140-001-01-5),float64,248,31,0,0,0
CHIDAMIDE (BRD:BRD-K28537285-001-01-8),float64,248,31,0,0,0
SB-216641 (BRD:BRD-K30867024-003-03-3),float64,248,31,0,0,0
NICLOSAMIDE (BRD:BRD-K35960502-001-20-0),float64,248,31,0,0,0
BROXALDINE (BRD:BRD-K36222532-001-01-8),float64,248,31,0,0,0
GSK-1070916 (BRD:BRD-K36740062-001-06-6),float64,248,31,0,0,0
HYOSCYAMINE (BRD:BRD-K40530731-001-11-6),float64,248,31,0,0,0
CHLORMIDAZOLE (BRD:BRD-K60443845-001-08-6),float64,248,31,0,0,0
VALNEMULIN (BRD:BRD-K33813875-003-01-8),float64,248,30,0,0,0
"MNS-(3,4-METHYLENEDIOXY-NITROSTYRENE) (BRD:BRD-K42205652-001-02-7)",float64,248,30,0,0,0
PD 0325901 (BRD:BRD-K49865102-001-08-4),float64,248,30,0,0,0
WZ-3146 (BRD:BRD-K73293050-001-03-1),float64,248,30,0,0,0
RN-1734 (BRD:BRD-K95581532-001-01-5),float64,248,30,0,0,0
TRIPTOLIDE (BRD:BRD-K39484304-001-16-5),float64,248,29,0,0,0
POLYDATIN (BRD:BRD-K43236057-001-07-1),float64,248,29,0,0,0
PICTILISIB (BRD:BRD-K52911425-001-09-8),float64,248,29,0,0,0
XANOMELINE (BRD:BRD-K72815923-034-01-2),float64,248,29,0,0,0
DICLAZURIL (BRD:BRD-A06426627-001-03-5),float64,248,28,0,0,0
NARASIN (BRD:BRD-A25608658-001-01-1),float64,248,28,0,0,0
CHLOROXINE (BRD:BRD-K17075857-001-18-4),float64,248,28,0,0,0
ENDO-IWR-1 (BRD:BRD-K61314889-001-04-4),float64,248,28,0,0,0
AZ 960 (BRD:BRD-K64888243-001-03-7),float64,248,28,0,0,0
BINIMETINIB (BRD:BRD-K82244583-001-01-3),float64,248,28,0,0,0
10-DEACETYLBACCATIN (BRD:BRD-K96631475-001-02-4),float64,248,28,0,0,0
GALETERONE (BRD:BRD-A07986123-001-02-8),float64,248,27,0,0,0
DRONEDARONE (BRD:BRD-K05524748-003-04-4),float64,248,27,0,0,0
METATINIB (BRD:BRD-K27182532-001-02-3),float64,248,27,0,0,0
SPIRADOLINE (BRD:BRD-K28192623-066-08-1),float64,248,27,0,0,0
PARTHENOLIDE-(-) (BRD:BRD-K34851558-001-02-3),float64,248,27,0,0,0
ZARDAVERINE (BRD:BRD-K37561857-001-15-5),float64,248,27,0,0,0
TPCA-1 (BRD:BRD-K51575138-001-13-2),float64,248,27,0,0,0
KPT-276 (BRD:BRD-K75352575-001-01-3),float64,248,27,0,0,0
MOZAVAPTAN (BRD:BRD-A31095847-001-02-3),float64,248,26,0,0,0
ONCRASIN-1 (BRD:BRD-K43449605-001-01-0),float64,248,26,0,0,0
CRYSTAL-VIOLET (BRD:BRD-K60025295-003-06-6),float64,248,26,0,0,0
RS-17053 (BRD:BRD-K76840893-003-02-5),float64,248,26,0,0,0
JTE-607 (BRD:BRD-K81405859-300-01-4),float64,248,26,0,0,0
K-858 (BRD:BRD-A67748489-001-10-0),float64,248,25,0,0,0
EVODIAMINE (BRD:BRD-A68631409-001-05-4),float64,248,25,0,0,0
JNJ-7706621 (BRD:BRD-K11636097-001-03-1),float64,248,25,0,0,0
PFI-1 (BRD:BRD-K13094524-001-07-5),float64,248,25,0,0,0
STATTIC (BRD:BRD-K17061841-001-03-5),float64,248,25,0,0,0
BIX-02188 (BRD:BRD-K20290250-001-02-1),float64,248,25,0,0,0
PHA-767491 (BRD:BRD-K50000283-001-04-4),float64,248,25,0,0,0
AR-12 (BRD:BRD-K90497590-001-04-2),float64,248,25,0,0,0
TAS-103 (BRD:BRD-K09426783-300-01-0),float64,248,24,0,0,0
PHA-680632 (BRD:BRD-K09443272-001-03-3),float64,248,24,0,0,0
PARDOPRUNOX (BRD:BRD-K11851476-003-01-7),float64,248,24,0,0,0
ORIDONIN (BRD:BRD-K23925186-001-02-8),float64,248,24,0,0,0
VER-49009 (BRD:BRD-K38548312-001-01-0),float64,248,24,0,0,0
PR-619 (BRD:BRD-K54395039-001-01-7),float64,248,24,0,0,0
TG-101209 (BRD:BRD-K39841531-001-02-1),float64,248,23,0,0,0
MPI-0479605 (BRD:BRD-K45551181-001-02-1),float64,248,23,0,0,0
SGI-1027 (BRD:BRD-K61228301-001-01-2),float64,248,23,0,0,0
PHA 793887 (BRD:BRD-K64800655-001-07-4),float64,248,23,0,0,0
RAPAMYCIN (BRD:BRD-K84937637-001-09-9),float64,248,23,0,0,0
IVERMECTIN (BRD:BRD-K85554912-001-06-3),float64,248,23,0,0,0
WYE-125132 (BRD:BRD-A45498368-001-07-1),float64,248,22,0,0,0
CCT137690 (BRD:BRD-K03289018-001-02-7),float64,248,22,0,0,0
PIDNARULEX (BRD:BRD-K12787259-001-04-3),float64,248,22,0,0,0
THONZONIUM (BRD:BRD-K13387373-004-14-5),float64,248,22,0,0,0
TRANILAST (BRD:BRD-K17849083-001-32-9),float64,248,22,0,0,0
HA14-1 (BRD:BRD-K18163608-001-05-6),float64,248,22,0,0,0
AMG900 (BRD:BRD-K21728777-001-02-3),float64,248,22,0,0,0
TAK-632 (BRD:BRD-K31866293-001-01-6),float64,248,22,0,0,0
ZK-93423 (BRD:BRD-K33882852-003-02-8),float64,248,22,0,0,0
NVP-TAE 684 (BRD:BRD-K50140147-001-10-1),float64,248,22,0,0,0
AURORA-A-INHIBITOR-I (BRD:BRD-K53561341-001-07-5),float64,248,22,0,0,0
MK-5108 (BRD:BRD-K53665955-001-03-0),float64,248,22,0,0,0
CMPD-1 (BRD:BRD-K54095730-001-03-1),float64,248,22,0,0,0
CHOLECALCIFEROL (BRD:BRD-K62779383-001-05-5),float64,248,22,0,0,0
BMS-265246 (BRD:BRD-K62814476-001-03-3),float64,248,22,0,0,0
BI-78D3 (BRD:BRD-K73982490-001-02-9),float64,248,22,0,0,0
ALISERTIB (BRD:BRD-K75295174-001-05-0),float64,248,22,0,0,0
SPIRONOLACTONE (BRD:BRD-K90027355-001-13-3),float64,248,22,0,0,0
LDN-57444 (BRD:BRD-K94485812-001-02-9),float64,248,22,0,0,0
MITOMYCIN-C (BRD:BRD-A48237631-001-04-8),float64,248,21,0,0,0
DIGOXIN (BRD:BRD-A94756469-001-04-7),float64,248,21,0,0,0
LY2874455 (BRD:BRD-K17203476-001-01-9),float64,248,21,0,0,0
TAK-733 (BRD:BRD-K26667523-001-02-5),float64,248,21,0,0,0
CRIZOTINIB-(S) (BRD:BRD-K40308497-001-01-2),float64,248,21,0,0,0
BKM120 (BRD:BRD-K42191735-001-05-3),float64,248,21,0,0,0
AZ20 (BRD:BRD-K42436189-001-01-2),float64,248,21,0,0,0
BAY-11-7085 (BRD:BRD-K48684885-001-04-2),float64,248,21,0,0,0
SB-431542 (BRD:BRD-K67298865-001-09-0),float64,248,21,0,0,0
LY2090314 (BRD:BRD-K78055238-001-01-8),float64,248,21,0,0,0
IXAZOMIB-CITRATE (BRD:BRD-A66419424-001-02-4),float64,248,20,0,0,0
PERUVOSIDE (BRD:BRD-A72716251-001-01-5),float64,248,20,0,0,0
FRENTIZOLE (BRD:BRD-K07202345-001-19-4),float64,248,20,0,0,0
TENOVIN-6 (BRD:BRD-K13949769-001-01-7),float64,248,20,0,0,0
IKK-16 (BRD:BRD-K14618467-001-04-6),float64,248,20,0,0,0
DIGOXIGENIN (BRD:BRD-K18619710-001-14-4),float64,248,20,0,0,0
DARAPLADIB (BRD:BRD-K19085898-001-01-8),float64,248,20,0,0,0
SCRIPTAID (BRD:BRD-K22503835-001-11-0),float64,248,20,0,0,0
VORELOXIN (BRD:BRD-K23677682-003-01-2),float64,248,20,0,0,0
DICHLORVOS (BRD:BRD-K23779958-001-05-8),float64,248,20,0,0,0
LY2784544 (BRD:BRD-K25630527-001-03-8),float64,248,20,0,0,0
TYRPHOSTIN-A9 (BRD:BRD-K40255344-001-17-6),float64,248,20,0,0,0
P276-00 (BRD:BRD-K51791723-003-01-7),float64,248,20,0,0,0
HALOFUGINONE (BRD:BRD-K54247840-004-01-3),float64,248,20,0,0,0
BRILLIANT-GREEN (BRD:BRD-K60348325-065-09-9),float64,248,20,0,0,0
RO-4987655 (BRD:BRD-K64538373-001-01-4),float64,248,20,0,0,0
CYCLOCYTIDINE (BRD:BRD-K67536197-003-11-4),float64,248,20,0,0,0
ENTINOSTAT (BRD:BRD-K77908580-001-09-6),float64,248,20,0,0,0
TRICLABENDAZOLE (BRD:BRD-K81916719-001-13-9),float64,248,20,0,0,0
PHA 665752 (BRD:BRD-K95435023-001-08-5),float64,248,20,0,0,0
GAMBOGIC-ACID (BRD:BRD-K08542803-001-02-3),float64,248,19,0,0,0
LY2608204 (BRD:BRD-K12068470-001-02-5),float64,248,19,0,0,0
GIVINOSTAT (BRD:BRD-K13810148-311-03-2),float64,248,19,0,0,0
BAY-11-7082 (BRD:BRD-K15025317-001-15-1),float64,248,19,0,0,0
VU0238429 (BRD:BRD-K24187789-001-01-7),float64,248,19,0,0,0
DEOXYCORTICOSTERONE-ACETATE (BRD:BRD-K24556098-001-16-7),float64,248,19,0,0,0
BGT226 (BRD:BRD-K29415052-050-04-8),float64,248,19,0,0,0
TRYPTANTHRIN (BRD:BRD-K76973696-001-12-6),float64,248,19,0,0,0
A-674563 (BRD:BRD-K78177893-001-02-4),float64,248,19,0,0,0
GSK461364 (BRD:BRD-K92428232-001-10-6),float64,248,19,0,0,0
BNTX (BRD:BRD-A55484088-050-02-5),float64,248,18,0,0,0
BRIVARACETAM (BRD:BRD-K00634421-001-01-0),float64,248,18,0,0,0
CHIR-124 (BRD:BRD-K02241333-001-02-7),float64,248,18,0,0,0
NSC-663284 (BRD:BRD-K03109492-001-02-2),float64,248,18,0,0,0
TETRANDRINE (BRD:BRD-K08078237-001-19-8),float64,248,18,0,0,0
FEDRATINIB (BRD:BRD-K12502280-001-08-0),float64,248,18,0,0,0
ML133 (BRD:BRD-K33743361-003-02-6),float64,248,18,0,0,0
FLOXURIDINE (BRD:BRD-K47832606-001-30-1),float64,248,18,0,0,0
MK 2206 (BRD:BRD-K68065987-300-09-1),float64,248,18,0,0,0
IKK-2-INHIBITOR-V (BRD:BRD-K74305673-001-06-2),float64,248,18,0,0,0
3-DEAZANEPLANOCIN-A (BRD:BRD-K77791657-003-01-7),float64,248,18,0,0,0
WAY-600 (BRD:BRD-K85920262-001-02-1),float64,248,18,0,0,0
SULCONAZOLE (BRD:BRD-A70649075-008-30-8),float64,248,17,0,0,0
UNC0631 (BRD:BRD-K13060017-001-01-3),float64,248,17,0,0,0
BERBERINE (BRD:BRD-K14796088-003-26-8),float64,248,17,0,0,0
PD-168393 (BRD:BRD-K17702546-001-03-2),float64,248,17,0,0,0
CYCLOHEXIMIDE (BRD:BRD-K36055864-001-19-2),float64,248,17,0,0,0
TYRPHOSTIN-AG-99 (BRD:BRD-K60184833-001-05-6),float64,248,17,0,0,0
JIB04 (BRD:BRD-K76180386-001-01-6),float64,248,17,0,0,0
AZD 2171 (BRD:BRD-K86930074-001-05-0),float64,248,17,0,0,0
GSK-J4 (BRD:BRD-K98203492-003-04-1),float64,248,17,0,0,0
MEXILETINE (BRD:BRD-A64092382-003-18-3),float64,248,16,0,0,0
CCG-50014 (BRD:BRD-K08893438-001-04-9),float64,248,16,0,0,0
TIPIRACIL (BRD:BRD-K11973162-003-01-8),float64,248,16,0,0,0
VINCRISTINE (BRD:BRD-K12251893-065-04-7),float64,248,16,0,0,0
OXIBENDAZOLE (BRD:BRD-K52075715-001-06-7),float64,248,16,0,0,0
TIPIFARNIB (BRD:BRD-K62965247-001-04-9),float64,248,16,0,0,0
DIPHENYLENEIODONIUM (BRD:BRD-K65814004-003-02-9),float64,248,16,0,0,0
KU-0063794 (BRD:BRD-K67566344-001-07-5),float64,248,16,0,0,0
TRICHOSTATIN-A (BRD:BRD-K68202742-001-16-5),float64,248,16,0,0,0
CEP-37440 (BRD:BRD-K72827473-001-01-0),float64,248,16,0,0,0
PF-00562271 (BRD:BRD-K99545815-001-06-3),float64,248,16,0,0,0
DPI-201106 (BRD:BRD-A64553394-001-04-4),float64,248,15,0,0,0
TRIFLURIDINE (BRD:BRD-K03243820-001-23-8),float64,248,15,0,0,0
DINACICLIB (BRD:BRD-K13662825-001-07-5),float64,248,15,0,0,0
CARFILZOMIB (BRD:BRD-K15179879-001-03-2),float64,248,15,0,0,0
MARIMASTAT (BRD:BRD-K21396683-001-04-8),float64,248,15,0,0,0
STF-118804 (BRD:BRD-K39171998-001-01-1),float64,248,15,0,0,0
PF-477736 (BRD:BRD-K03063480-001-06-6),float64,248,14,0,0,0
CURCUMIN (BRD:BRD-K07572174-001-39-4),float64,248,14,0,0,0
LB42708 (BRD:BRD-K18834913-001-01-1),float64,248,14,0,0,0
KX2-391 (BRD:BRD-K29968218-001-03-2),float64,248,14,0,0,0
DEFOROLIMUS (BRD:BRD-K62304154-001-04-2),float64,248,14,0,0,0
TRICIRIBINE (BRD:BRD-K80431395-001-07-3),float64,248,14,0,0,0
BORTEZOMIB (BRD:BRD-K88510285-001-17-8),float64,248,14,0,0,0
NSC-319726 (BRD:BRD-K99170882-001-04-3),float64,248,14,0,0,0
KF-38789 (BRD:BRD-A54927599-001-16-9),float64,248,13,0,0,0
PF-04691502 (BRD:BRD-K07310275-001-02-5),float64,248,13,0,0,0
JTC-801 (BRD:BRD-K17705806-003-04-4),float64,248,13,0,0,0
TG-100572 (BRD:BRD-K18424115-003-01-3),float64,248,13,0,0,0
NVP-TAE226 (BRD:BRD-K21025364-001-05-6),float64,248,13,0,0,0
AV-412 (BRD:BRD-K23190681-001-01-1),float64,248,13,0,0,0
ETP-46464 (BRD:BRD-K24556407-001-02-3),float64,248,13,0,0,0
OLVEREMBATINIB (BRD:BRD-K35329391-334-01-7),float64,248,13,0,0,0
CYTOCHALASIN-B (BRD:BRD-K47000838-001-01-6),float64,248,13,0,0,0
CETRIMONIUM (BRD:BRD-K47079459-004-04-6),float64,248,13,0,0,0
BI-2536 (BRD:BRD-K64890080-001-13-8),float64,248,13,0,0,0
FLUVASTATIN (BRD:BRD-K66296774-236-11-3),float64,248,13,0,0,0
EPOTHILONE-A (BRD:BRD-K71823332-001-03-7),float64,248,13,0,0,0
DOLASTATIN-10 (BRD:BRD-K78567475-001-01-4),float64,248,13,0,0,0
PP242 (BRD:BRD-K87112191-001-04-5),float64,248,13,0,0,0
CETYLPYRIDINIUM (BRD:BRD-K87700323-003-05-1),float64,248,13,0,0,0
GW-843682X (BRD:BRD-K90382497-001-10-7),float64,248,13,0,0,0
HARRINGTONINE (BRD:BRD-K96358241-001-01-9),float64,248,13,0,0,0
XL888 (BRD:BRD-A03506276-001-01-5),float64,248,12,0,0,0
ALEXIDINE (BRD:BRD-A27883417-300-01-6),float64,248,12,0,0,0
LANATOSIDE-C (BRD:BRD-A64242993-001-05-6),float64,248,12,0,0,0
TRIAPINE (BRD:BRD-K01669786-001-02-2),float64,248,12,0,0,0
LY2606368 (BRD:BRD-K20463415-300-01-4),float64,248,12,0,0,0
NSC-697923 (BRD:BRD-K20605374-001-05-4),float64,248,12,0,0,0
KW-2478 (BRD:BRD-K41213548-001-02-0),float64,248,12,0,0,0
PIK-75 (BRD:BRD-K49371609-003-03-8),float64,248,12,0,0,0
BX-912 (BRD:BRD-K49669041-001-08-4),float64,248,12,0,0,0
BIIB-057 (BRD:BRD-K53734668-003-02-0),float64,248,12,0,0,0
CYCLOVALONE (BRD:BRD-K59866480-001-07-3),float64,248,12,0,0,0
THIOMERSAL (BRD:BRD-K61443650-236-13-1),float64,248,12,0,0,0
EPOTHILONE-B (BRD:BRD-K68164687-001-01-6),float64,248,12,0,0,0
TYRPHOSTIN-AG-1478 (BRD:BRD-K68336408-001-10-9),float64,248,12,0,0,0
AZD-8055 (BRD:BRD-K69932463-001-10-6),float64,248,12,0,0,0
AZD5438 (BRD:BRD-K72414522-001-06-7),float64,248,12,0,0,0
LAPPACONITE (BRD:BRD-A05906449-004-01-1),float64,248,11,0,0,0
PUROMYCIN (BRD:BRD-A28970875-300-04-9),float64,248,11,0,0,0
LASALOCID (BRD:BRD-A72711497-236-03-8),float64,248,11,0,0,0
9-AMINOACRIDINE (BRD:BRD-K00535541-001-06-3),float64,248,11,0,0,0
RYUVIDINE (BRD:BRD-K06426971-001-02-7),float64,248,11,0,0,0
AR 42 (BRD:BRD-K13167095-001-02-9),float64,248,11,0,0,0
NAPABUCASIN (BRD:BRD-K22064724-001-01-8),float64,248,11,0,0,0
CYT-997 (BRD:BRD-K23363278-001-02-1),float64,248,11,0,0,0
CLOFARABINE (BRD:BRD-K34022604-001-06-6),float64,248,11,0,0,0
CLONAZEPAM (BRD:BRD-K38183498-001-02-0),float64,248,11,0,0,0
JK-184 (BRD:BRD-K38860038-001-01-2),float64,248,11,0,0,0
VINDESINE (BRD:BRD-K59753975-001-02-6),float64,248,11,0,0,0
HMN-214 (BRD:BRD-K70511574-001-06-9),float64,248,11,0,0,0
METARAMINOL (BRD:BRD-K96253961-046-03-1),float64,248,11,0,0,0
NOCODAZOLE (BRD:BRD-K12539581-001-23-7),float64,248,10,0,0,0
PENFLURIDOL (BRD:BRD-K15409150-001-05-8),float64,248,10,0,0,0
MEFEXAMIDE (BRD:BRD-K20655524-003-12-0),float64,248,10,0,0,0
AZD3463 (BRD:BRD-K24593301-001-02-3),float64,248,10,0,0,0
PIRENPERONE (BRD:BRD-K25224017-001-25-0),float64,248,10,0,0,0
NMS-873 (BRD:BRD-K26253904-001-01-5),float64,248,10,0,0,0
BIX-01294 (BRD:BRD-K26818574-305-04-3),float64,248,10,0,0,0
NH125 (BRD:BRD-K31086665-005-04-6),float64,248,10,0,0,0
SU3327 (BRD:BRD-K32730239-001-01-0),float64,248,10,0,0,0
LLL CPD (BRD:BRD-K60230970-001-17-5),float64,248,10,0,0,0
10-HYDROXYCAMPTOTHECIN (BRD:BRD-K63784565-001-06-2),float64,248,10,0,0,0
TORIN-2 (BRD:BRD-K68174511-001-06-6),float64,248,10,0,0,0
EVP4593 (BRD:BRD-K68395654-001-03-1),float64,248,10,0,0,0
BAY-87-2243 (BRD:BRD-K70463136-001-01-5),float64,248,10,0,0,0
VALRUBICIN (BRD:BRD-K72951360-001-01-4),float64,248,10,0,0,0
TEROXIRONE (BRD:BRD-A39935389-001-05-9),float64,248,9,0,0,0
PARBENDAZOLE (BRD:BRD-K02407574-001-09-7),float64,248,9,0,0,0
ER-27319 (BRD:BRD-K11927976-050-02-9),float64,248,9,0,0,0
CD-437 (BRD:BRD-K28907958-001-04-3),float64,248,9,0,0,0
VANOXERINE (BRD:BRD-K32501161-300-06-2),float64,248,9,0,0,0
DISULFIRAM (BRD:BRD-K32744045-001-31-2),float64,248,9,0,0,0
TORIN-1 (BRD:BRD-K40175214-001-11-6),float64,248,9,0,0,0
NMS-E973 (BRD:BRD-K58770988-001-01-8),float64,248,9,0,0,0
ONX-0914 (BRD:BRD-K60446698-001-01-2),float64,248,9,0,0,0
ROMIDEPSIN (BRD:BRD-K61397605-001-03-4),float64,248,9,0,0,0
PKI-179 (BRD:BRD-A28467416-002-01-0),float64,248,8,0,0,0
RO-106-9920 (BRD:BRD-A53134341-001-03-2),float64,248,8,0,0,0
ECHINOMYCIN (BRD:BRD-A68969091-001-12-7),float64,248,8,0,0,0
NANCHANGMYCIN (BRD:BRD-A73871920-236-03-6),float64,248,8,0,0,0
IXABEPILONE (BRD:BRD-K03601870-001-01-2),float64,248,8,0,0,0
LY2334737 (BRD:BRD-K04993719-001-01-7),float64,248,8,0,0,0
PACRITINIB (BRD:BRD-K19034817-001-01-4),float64,248,8,0,0,0
SELINEXOR (BRD:BRD-K21361524-001-01-1),float64,248,8,0,0,0
CRENOLANIB (BRD:BRD-K22127577-001-03-7),float64,248,8,0,0,0
TW 37 (BRD:BRD-K28360340-001-08-3),float64,248,8,0,0,0
PU-H71 (BRD:BRD-K36529613-001-02-6),float64,248,8,0,0,0
WP1130 (BRD:BRD-K43644456-001-04-0),float64,248,8,0,0,0
M-344 (BRD:BRD-K45528773-001-07-2),float64,248,8,0,0,0
DACINOSTAT (BRD:BRD-K56957086-001-06-3),float64,248,8,0,0,0
LDN-212854 (BRD:BRD-K59831625-001-01-6),float64,248,8,0,0,0
COMBRETASTATIN-A-4 (BRD:BRD-K61195623-001-01-4),float64,248,8,0,0,0
CEPHALOMANNINE (BRD:BRD-K68904758-001-03-5),float64,248,8,0,0,0
PHENYLMERCURIC-ACETATE (BRD:BRD-K74193284-001-04-8),float64,248,8,0,0,0
PP-121 (BRD:BRD-K81801188-001-02-8),float64,248,8,0,0,0
FLUBENDAZOLE (BRD:BRD-K86003836-001-10-5),float64,248,8,0,0,0
ANISOMYCIN (BRD:BRD-K91370081-001-25-1),float64,248,8,0,0,0
ABT-751 (BRD:BRD-K91623615-001-05-0),float64,248,8,0,0,0
BRUCEANTIN (BRD:BRD-A36057565-001-01-0),float64,248,7,0,0,0
BENZOYLSTAUROSPORINE (BRD:BRD-K13646352-001-03-8),float64,248,7,0,0,0
PYRITHIONE-ZINC (BRD:BRD-K16136380-001-01-7),float64,248,7,0,0,0
DIGITOXIGENIN (BRD:BRD-K18518344-001-15-9),float64,248,7,0,0,0
BNC105 (BRD:BRD-K20468903-001-01-6),float64,248,7,0,0,0
GDC-0349 (BRD:BRD-K43187018-001-03-3),float64,248,7,0,0,0
BMS-387032 (BRD:BRD-K43389698-001-09-9),float64,248,7,0,0,0
ANGUIDINE (BRD:BRD-K45724504-001-01-6),float64,248,7,0,0,0
PODOPHYLLOTOXIN (BRD:BRD-K47869605-001-32-0),float64,248,7,0,0,0
DELANZOMIB (BRD:BRD-K59325863-001-02-8),float64,248,7,0,0,0
EXELBINE (BRD:BRD-K69280563-001-01-8),float64,248,7,0,0,0
KPT-185 (BRD:BRD-K71467466-001-02-3),float64,248,7,0,0,0
INDIBULIN (BRD:BRD-K74057757-001-01-9),float64,248,7,0,0,0
LY3023414 (BRD:BRD-K82967180-001-01-6),float64,248,7,0,0,0
DOXORUBICIN (BRD:BRD-K92093830-003-30-8),float64,248,7,0,0,0
TOSEDOSTAT (BRD:BRD-K92241597-001-06-0),float64,248,7,0,0,0
PLINABULIN (BRD:BRD-K99498722-001-02-6),float64,248,7,0,0,0
EMETINE (BRD:BRD-A25687296-300-04-3),float64,248,6,0,0,0
TENIPOSIDE (BRD:BRD-A35588707-001-05-5),float64,248,6,0,0,0
TAK-901 (BRD:BRD-K01683783-001-02-6),float64,248,6,0,0,0
WP1066 (BRD:BRD-K05445342-001-05-3),float64,248,6,0,0,0
BISINDOLYLMALEIMIDE-IX (BRD:BRD-K06543683-066-02-1),float64,248,6,0,0,0
PCI-24781 (BRD:BRD-K12867552-001-04-7),float64,248,6,0,0,0
TG-02 (BRD:BRD-K14560436-001-01-4),float64,248,6,0,0,0
GOSSYPOL (BRD:BRD-K19295594-015-14-3),float64,248,6,0,0,0
AZD8330 (BRD:BRD-K37687095-001-06-9),float64,248,6,0,0,0
VERUBULIN (BRD:BRD-K42673188-001-01-1),float64,248,6,0,0,0
NEMORUBICIN (BRD:BRD-K51911221-001-01-2),float64,248,6,0,0,0
VINFLUNINE (BRD:BRD-K64120610-001-01-4),float64,248,6,0,0,0
SEPANTRONIUM BROMIDE (BRD:BRD-K76703230-004-04-1),float64,248,6,0,0,0
CUDC-907 (BRD:BRD-K77638923-001-02-0),float64,248,6,0,0,0
BREFELDIN-A (BRD:BRD-K77841042-001-14-1),float64,248,6,0,0,0
SB-939 (BRD:BRD-K86797399-001-05-1),float64,248,6,0,0,0
RALTITREXED (BRD:BRD-K89839824-001-05-3),float64,248,6,0,0,0
AZALOMYCIN-B (BRD:BRD-K96104201-001-01-5),float64,248,6,0,0,0
CID-5458317 (BRD:BRD-A08840375-001-01-3),float64,248,5,0,0,0
VELBAN (BRD:BRD-K06519765-065-01-6),float64,248,5,0,0,0
CABAZITAXEL (BRD:BRD-K06858286-001-01-3),float64,248,5,0,0,0
DANUSERTIB (BRD:BRD-K07881437-001-04-6),float64,248,5,0,0,0
TOPOTECAN (BRD:BRD-K55696337-003-24-4),float64,248,5,0,0,0
RUBITECAN (BRD:BRD-K79821389-001-03-5),float64,248,5,0,0,0
BERZOSERTIB (BRD:BRD-K04701033-001-03-9),float64,248,4,0,0,0
BETA-LAPACHONE (BRD:BRD-K28061410-001-06-6),float64,248,4,0,0,0
CR8-(R) (BRD:BRD-K40331046-305-01-5),float64,248,4,0,0,0
AK-55409 (BRD:BRD-K58772419-001-07-0),float64,248,4,0,0,0
PI3K-IN-2 (BRD:BRD-K62374002-001-01-5),float64,248,4,0,0,0
SNX 2112 (BRD:BRD-K71281111-001-04-3),float64,248,4,0,0,0
AZD7762 (BRD:BRD-K86525559-001-07-8),float64,248,4,0,0,0
GENZ-644282 (BRD:BRD-K99475619-001-01-2),float64,248,4,0,0,0
PF-05212384 (BRD:BRD-K07955840-001-02-3),float64,248,2,0,0,0
OTS167 (BRD:BRD-K53417444-003-03-1),float64,248,2,0,0,0
IXAZOMIB (BRD:BRD-K78659596-001-03-9),float64,248,2,0,0,0
A-1065-5 (BRD:BRD-K87124298-001-03-4),float64,248,2,0,0,0
SB-2343 (BRD:BRD-K98795921-001-01-7),float64,248,2,0,0,0
